﻿<xml xmlns="http://www.w3.org/1999/xhtml" collection="false">
  <variables>
    <variable type="" id="4.,4u(qK8A5`=rg_u}{e">TARGET PROFIT</variable>
    <variable type="" id="FS^4@q/zRgsn3HO(yfNC">wormColor</variable>
    <variable type="" id="W#MDqi;8#K?,S(@3jcX}">STAKE</variable>
    <variable type="" id="X@x435BFIY`_KqvcW@9~">Next-Trade-Condition</variable>
    <variable type="" id="PSB#,l08K!k6e*T!Qe^G">wormNeck</variable>
    <variable type="" id="S%:!W?llAvWoj1`W/LVa">MartingaleValue</variable>
    <variable type="" id=".#?I=EeXYD}6l!Cf.gZ6">Initial Amount</variable>
    <variable type="" id="IX^w27J#xg[E7`SqF(N^">last result</variable>
    <variable type="" id="GKE@(4ynEHFC/,~D:[uv">TICK-OP-FOLLOW</variable>
    <variable type="" id="7zaii#1a6I*RNR29,a*6">wormPurchase</variable>
    <variable type="" id="/Te}|hUvDiP}U`89XFJY">MAKSIMAL LEVEL MARTI</variable>
    <variable type="" id="*w}?5HkT~w1kY]uGyD?+">winning streak</variable>
    <variable type="" id="3AFhTv^q.0ymi4{7!jHs">wormHead</variable>
    <variable type="" id="XfOW5Y~BBNNMiv`@1vs?">i</variable>
    <variable type="" id="AwHaJ$uP6%`gBp!D-t![">STOP LOSS</variable>
    <variable type="" id="`.I^}c^,4~q?e-;9r#`L">losing streak</variable>
    <variable type="" id="f0L#EY-StDT!LbQaecVx">TICK-OP-TREND-EXTREM</variable>
    <variable type="" id="^5v(S;e=[37NjK{EYQ5]">wormBlue</variable>
    <variable type="" id="@d`|EQwdg,qWi6/x=wIm">wormRed</variable>
    <variable type="" id=",o!O_]XCR5/6lbW8]}:0">Sumbu</variable>
    <variable type="" id="8tJjuVxg33*iC4xM0)$l">Scalping</variable>
  </variables>
  <block type="trade" id="h`5gLTr2-]4B1S~yWW:~" x="0" y="0">
    <field name="MARKET_LIST">volidx</field>
    <field name="SUBMARKET_LIST">random_index</field>
    <field name="SYMBOL_LIST">R_100</field>
    <field name="TRADETYPECAT_LIST">callput</field>
    <field name="TRADETYPE_LIST">risefall</field>
    <field name="TYPE_LIST">both</field>
    <field name="CANDLEINTERVAL_LIST">60</field>
    <field name="TIME_MACHINE_ENABLED">FALSE</field>
    <field name="RESTARTONERROR">TRUE</field>
    <statement name="INITIALIZATION">
      <block type="variables_set" id="kJpr5dD,/as9NNrghle8">
        <field name="VAR" id="4.,4u(qK8A5`=rg_u}{e" variabletype="">TARGET PROFIT</field>
        <value name="VALUE">
          <block type="math_number" id="?;4K`eLKCDIJi_ONFwQs">
            <field name="NUM">100</field>
          </block>
        </value>
        <next>
          <block type="variables_set" id="4(A4MV1{:lqz4u5NmTAh">
            <field name="VAR" id="W#MDqi;8#K?,S(@3jcX}" variabletype="">STAKE</field>
            <value name="VALUE">
              <block type="math_number" id="@`]ZbE,#9EYOY{QXgj(V">
                <field name="NUM">0.35</field>
              </block>
            </value>
            <next>
              <block type="variables_set" id="_Q%P92AOARRP.0.}Nx/W">
                <field name="VAR" id="S%:!W?llAvWoj1`W/LVa" variabletype="">MartingaleValue</field>
                <value name="VALUE">
                  <block type="math_number" id="1QW-ZGw@MG+!zYn8@qWB">
                    <field name="NUM">1.1</field>
                  </block>
                </value>
                <next>
                  <block type="variables_set" id="+qy|0FahV@An]m76QsU4">
                    <field name="VAR" id="/Te}|hUvDiP}U`89XFJY" variabletype="">MAKSIMAL LEVEL MARTI</field>
                    <value name="VALUE">
                      <block type="math_number" id="sU*;RQG/Ks!cqc+#:]bp">
                        <field name="NUM">6</field>
                      </block>
                    </value>
                    <next>
                      <block type="variables_set" id="lp)!RJq:WEh8`tB6[$UO">
                        <field name="VAR" id="AwHaJ$uP6%`gBp!D-t![" variabletype="">STOP LOSS</field>
                        <value name="VALUE">
                          <block type="math_number" id="$Cv#P5/*.~!K!)[hEgZI">
                            <field name="NUM">10</field>
                          </block>
                        </value>
                        <next>
                          <block type="variables_set" id=".@k~S$Rn[z8/sxx|b3.!">
                            <field name="VAR" id="f0L#EY-StDT!LbQaecVx" variabletype="">TICK-OP-TREND-EXTREM</field>
                            <value name="VALUE">
                              <block type="math_number" id="!c:#,uRK_C?BWpdE]Fo[">
                                <field name="NUM">15</field>
                              </block>
                            </value>
                            <next>
                              <block type="variables_set" id="w?k{9eENmw?zPu+V.!~M">
                                <field name="VAR" id="GKE@(4ynEHFC/,~D:[uv" variabletype="">TICK-OP-FOLLOW</field>
                                <value name="VALUE">
                                  <block type="math_number" id="p|WHv@PyRvY=8$pJ2QRI">
                                    <field name="NUM">1</field>
                                  </block>
                                </value>
                                <next>
                                  <block type="variables_set" id="C59z|1j4aGtzhs8t{wJN">
                                    <field name="VAR" id=".#?I=EeXYD}6l!Cf.gZ6" variabletype="">Initial Amount</field>
                                    <value name="VALUE">
                                      <block type="variables_get" id="FuRPHWEW$753JocXEP:w">
                                        <field name="VAR" id="W#MDqi;8#K?,S(@3jcX}" variabletype="">STAKE</field>
                                      </block>
                                    </value>
                                    <next>
                                      <block type="variables_set" id="F/-`ELk-yuN;)zMT=;C6">
                                        <field name="VAR" id=",o!O_]XCR5/6lbW8]}:0" variabletype="">Sumbu</field>
                                        <value name="VALUE">
                                          <block type="logic_boolean" id="s(q~npP~Qp:@R1Jx!{p0">
                                            <field name="BOOL">TRUE</field>
                                          </block>
                                        </value>
                                        <next>
                                          <block type="variables_set" id="AI]{MD`n4Y.2B+kx=1iJ">
                                            <field name="VAR" id="8tJjuVxg33*iC4xM0)$l" variabletype="">Scalping</field>
                                            <value name="VALUE">
                                              <block type="logic_boolean" id="7D)p]fj?Ttlgb+%Fvszh">
                                                <field name="BOOL">TRUE</field>
                                              </block>
                                            </value>
                                            <next>
                                              <block type="variables_set" id="%+1SX`mgw.WL_|)$Sz?1">
                                                <field name="VAR" id="X@x435BFIY`_KqvcW@9~" variabletype="">Next-Trade-Condition</field>
                                                <value name="VALUE">
                                                  <block type="text" id="rEJ;X?Dg;|_b)w4!L|6$">
                                                    <field name="TEXT">A</field>
                                                  </block>
                                                </value>
                                              </block>
                                            </next>
                                          </block>
                                        </next>
                                      </block>
                                    </next>
                                  </block>
                                </next>
                              </block>
                            </next>
                          </block>
                        </next>
                      </block>
                    </next>
                  </block>
                </next>
              </block>
            </next>
          </block>
        </next>
      </block>
    </statement>
    <statement name="SUBMARKET">
      <block type="controls_if" id="[42N!zUMjVu!jP4WA}C!">
        <mutation else="1"></mutation>
        <value name="IF0">
          <block type="logic_compare" id="w!ZF=VEG0UFzR|uoOI@f">
            <field name="OP">EQ</field>
            <value name="A">
              <block type="variables_get" id="r%`72.SwO@:42H+`jsuL">
                <field name="VAR" id="X@x435BFIY`_KqvcW@9~" variabletype="">Next-Trade-Condition</field>
              </block>
            </value>
            <value name="B">
              <block type="text" id="[RQj~BXQ~s],QFr8)7v(">
                <field name="TEXT">A</field>
              </block>
            </value>
          </block>
        </value>
        <statement name="DO0">
          <block type="tradeOptions" id="jaY*nhV21#AgZKVO.aXd">
            <field name="DURATIONTYPE_LIST">t</field>
            <field name="CURRENCY_LIST">USD</field>
            <value name="DURATION">
              <block type="math_number" id="uYn`M-g?KTby)Bh,=aQb">
                <field name="NUM">5</field>
              </block>
            </value>
            <value name="AMOUNT">
              <block type="variables_get" id="H.m3eBXvRZjOTn7I6TUf">
                <field name="VAR" id=".#?I=EeXYD}6l!Cf.gZ6" variabletype="">Initial Amount</field>
              </block>
            </value>
          </block>
        </statement>
        <statement name="ELSE">
          <block type="tradeOptions" id=",bwNX3I=,v|N2a-+hc_s">
            <field name="DURATIONTYPE_LIST">m</field>
            <field name="CURRENCY_LIST">USD</field>
            <value name="DURATION">
              <block type="math_number" id="*Am;%aHhvoRlp}zNvSf!">
                <field name="NUM">1</field>
              </block>
            </value>
            <value name="AMOUNT">
              <block type="variables_get" id="%3t$.6|BHk5RvPcm^,3E">
                <field name="VAR" id=".#?I=EeXYD}6l!Cf.gZ6" variabletype="">Initial Amount</field>
              </block>
            </value>
          </block>
        </statement>
      </block>
    </statement>
  </block>
  <block type="after_purchase" id="?:TXa2cX:V#a%Iid!;+U" x="688" y="-6">
    <statement name="AFTERPURCHASE_STACK">
      <block type="controls_if" id="ul.VsfM?uTaN8sxZ^]u7">
        <mutation else="1"></mutation>
        <value name="IF0">
          <block type="contract_check_result" id="qb3=UY~78mIYk]cbMS94">
            <field name="CHECK_RESULT">win</field>
          </block>
        </value>
        <statement name="DO0">
          <block type="notify" id="F]$/?YiT86m_I{}+~3xb">
            <field name="NOTIFICATION_TYPE">success</field>
            <field name="NOTIFICATION_SOUND">earned-money</field>
            <value name="MESSAGE">
              <block type="text_join" id=":afMZ+O5y6pI##i?_8(A">
                <mutation items="2"></mutation>
                <value name="ADD0">
                  <block type="text" id="%L|{7gBz}(}95.ZtZ|5p">
                    <field name="TEXT">Won: </field>
                  </block>
                </value>
                <value name="ADD1">
                  <block type="read_details" id="(}viCx~Q-VdY7S5rSu:u">
                    <field name="DETAIL_INDEX">4</field>
                  </block>
                </value>
              </block>
            </value>
            <next>
              <block type="variables_set" id="]#LHB^2=7;FY|Po%,wr5">
                <field name="VAR" id="IX^w27J#xg[E7`SqF(N^" variabletype="">last result</field>
                <value name="VALUE">
                  <block type="text" id="J8^mDuFI*TI,wC};z|w|">
                    <field name="TEXT">WIN</field>
                  </block>
                </value>
                <next>
                  <block type="math_change" id="L)t#oKzymWyu0ZHZ^$xd">
                    <field name="VAR" id="*w}?5HkT~w1kY]uGyD?+" variabletype="">winning streak</field>
                    <value name="DELTA">
                      <shadow type="math_number" id=",#Pnjw97tp:yf8NylcL~">
                        <field name="NUM">1</field>
                      </shadow>
                      <block type="math_number" id="^.J;uw^Z8W[|qrpp/iII">
                        <field name="NUM">1</field>
                      </block>
                    </value>
                    <next>
                      <block type="variables_set" id="}Qs](w1/YVQ[Bsh3caJ*">
                        <field name="VAR" id="`.I^}c^,4~q?e-;9r#`L" variabletype="">losing streak</field>
                        <value name="VALUE">
                          <block type="math_number" id="0:]P^K^0!^.O}yfrk4*-">
                            <field name="NUM">0</field>
                          </block>
                        </value>
                        <next>
                          <block type="controls_if" id="f:O*,{I4W-eu%P*iHDJ~">
                            <mutation else="1"></mutation>
                            <value name="IF0">
                              <block type="logic_compare" id="9?K|`/|Ig;A^:kGN58z9">
                                <field name="OP">EQ</field>
                                <value name="A">
                                  <block type="variables_get" id="w3#?Bu#LbKfF9qL.lG==">
                                    <field name="VAR" id="*w}?5HkT~w1kY]uGyD?+" variabletype="">winning streak</field>
                                  </block>
                                </value>
                                <value name="B">
                                  <block type="math_number" id="RikUa,+u!ps/U$dD!+m5">
                                    <field name="NUM">2</field>
                                  </block>
                                </value>
                              </block>
                            </value>
                            <statement name="DO0">
                              <block type="variables_set" id="A4d@n6li4-G0J9x8hjex">
                                <field name="VAR" id="*w}?5HkT~w1kY]uGyD?+" variabletype="">winning streak</field>
                                <value name="VALUE">
                                  <block type="math_number" id="JUZ[MEw8D{UFcIyyvXNN">
                                    <field name="NUM">0</field>
                                  </block>
                                </value>
                                <next>
                                  <block type="variables_set" id="~|qC2N[n[18_0A*1$}@[">
                                    <field name="VAR" id=".#?I=EeXYD}6l!Cf.gZ6" variabletype="">Initial Amount</field>
                                    <value name="VALUE">
                                      <block type="variables_get" id="]z,w;t)M?LIR*.67VpRU">
                                        <field name="VAR" id="W#MDqi;8#K?,S(@3jcX}" variabletype="">STAKE</field>
                                      </block>
                                    </value>
                                  </block>
                                </next>
                              </block>
                            </statement>
                            <statement name="ELSE">
                              <block type="controls_if" id="pa,5!%s%P(o`Rscg-!NX">
                                <mutation else="1"></mutation>
                                <value name="IF0">
                                  <block type="logic_operation" id="hycq,DWX_la@(v3oC28P">
                                    <field name="OP">AND</field>
                                    <value name="A">
                                      <block type="logic_compare" id="6@)P4jxV,0pVi0-T,Lnh">
                                        <field name="OP">EQ</field>
                                        <value name="A">
                                          <block type="variables_get" id="C1J)gpp3^SYTWm4[k#e(">
                                            <field name="VAR" id="*w}?5HkT~w1kY]uGyD?+" variabletype="">winning streak</field>
                                          </block>
                                        </value>
                                        <value name="B">
                                          <block type="math_number" id=".YK?KHOJGrgmd[p:z}mm">
                                            <field name="NUM">1</field>
                                          </block>
                                        </value>
                                      </block>
                                    </value>
                                    <value name="B">
                                      <block type="logic_compare" id="Ccm_#K~@6!|Wz4+-])bA">
                                        <field name="OP">GT</field>
                                        <value name="A">
                                          <block type="variables_get" id="=zx45Uf7_.?-xaRK;dQ:">
                                            <field name="VAR" id=".#?I=EeXYD}6l!Cf.gZ6" variabletype="">Initial Amount</field>
                                          </block>
                                        </value>
                                        <value name="B">
                                          <block type="variables_get" id="]7?HVwj~Ls?pJx2kh,xL">
                                            <field name="VAR" id="W#MDqi;8#K?,S(@3jcX}" variabletype="">STAKE</field>
                                          </block>
                                        </value>
                                      </block>
                                    </value>
                                  </block>
                                </value>
                                <statement name="DO0">
                                  <block type="variables_set" id="sjWGjpx)xKcjlsXxju)x">
                                    <field name="VAR" id=".#?I=EeXYD}6l!Cf.gZ6" variabletype="">Initial Amount</field>
                                    <value name="VALUE">
                                      <block type="variables_get" id="@MF]3WyV!H)={-0X^uV6">
                                        <field name="VAR" id="W#MDqi;8#K?,S(@3jcX}" variabletype="">STAKE</field>
                                      </block>
                                    </value>
                                  </block>
                                </statement>
                                <statement name="ELSE">
                                  <block type="variables_set" id="u+BI$+U6Zm|Q@^0bN_t`">
                                    <field name="VAR" id=".#?I=EeXYD}6l!Cf.gZ6" variabletype="">Initial Amount</field>
                                    <value name="VALUE">
                                      <block type="variables_get" id="ND{bV{WZRB3Be1zp1yP7">
                                        <field name="VAR" id=".#?I=EeXYD}6l!Cf.gZ6" variabletype="">Initial Amount</field>
                                      </block>
                                    </value>
                                  </block>
                                </statement>
                              </block>
                            </statement>
                            <next>
                              <block type="variables_set" id="@tbwSFW,,{rH7XV;M$tA">
                                <field name="VAR" id="GKE@(4ynEHFC/,~D:[uv" variabletype="">TICK-OP-FOLLOW</field>
                                <value name="VALUE">
                                  <block type="math_number" id="qR[eoOdL8Fc1t9L#7+Yy">
                                    <field name="NUM">1</field>
                                  </block>
                                </value>
                                <next>
                                  <block type="variables_set" id="|UEg022gfN$HIpZnO/Dr">
                                    <field name="VAR" id="X@x435BFIY`_KqvcW@9~" variabletype="">Next-Trade-Condition</field>
                                    <value name="VALUE">
                                      <block type="text" id="(s[r$%g1P_uYD)T1=RSo">
                                        <field name="TEXT">A</field>
                                      </block>
                                    </value>
                                  </block>
                                </next>
                              </block>
                            </next>
                          </block>
                        </next>
                      </block>
                    </next>
                  </block>
                </next>
              </block>
            </next>
          </block>
        </statement>
        <statement name="ELSE">
          <block type="variables_set" id="2)@@K^exsgv{$%8:CtHh">
            <field name="VAR" id="X@x435BFIY`_KqvcW@9~" variabletype="">Next-Trade-Condition</field>
            <value name="VALUE">
              <block type="text" id="bpxM+1NY=DPr^3vPm*Xh">
                <field name="TEXT">B</field>
              </block>
            </value>
            <next>
              <block type="math_change" id="^c4hGp2kl[QVuyMHN3=6">
                <field name="VAR" id="GKE@(4ynEHFC/,~D:[uv" variabletype="">TICK-OP-FOLLOW</field>
                <value name="DELTA">
                  <shadow type="math_number" id="52M~M5*v~l-K!^l9o6zt">
                    <field name="NUM">1</field>
                  </shadow>
                </value>
                <next>
                  <block type="notify" id="Z/Ofyk^X.[+yF#2X^O@%">
                    <field name="NOTIFICATION_TYPE">error</field>
                    <field name="NOTIFICATION_SOUND">error</field>
                    <value name="MESSAGE">
                      <block type="text_join" id="4S~L4@gH2R}}0{d6YzQR">
                        <mutation items="2"></mutation>
                        <value name="ADD0">
                          <block type="text" id="=x(V.YD#EXb!3q6cr(2/">
                            <field name="TEXT">Lost: </field>
                          </block>
                        </value>
                        <value name="ADD1">
                          <block type="math_single" id="|2NJ^Kf:H[rr59UuwOz`">
                            <field name="OP">ABS</field>
                            <value name="NUM">
                              <shadow type="math_number" id="soB[)@Ez!AUWj@pNv?dU">
                                <field name="NUM">9</field>
                              </shadow>
                              <block type="read_details" id="NB_fXB_QNrrDsU++q26|">
                                <field name="DETAIL_INDEX">4</field>
                              </block>
                            </value>
                          </block>
                        </value>
                      </block>
                    </value>
                    <next>
                      <block type="variables_set" id="^[yUda[S5,DprWu2IHbi">
                        <field name="VAR" id="IX^w27J#xg[E7`SqF(N^" variabletype="">last result</field>
                        <value name="VALUE">
                          <block type="text" id="CwP?%]ygL2-aYO;j#)Y^">
                            <field name="TEXT">LOSS</field>
                          </block>
                        </value>
                        <next>
                          <block type="math_change" id="77P=CG(RAZNZd[jB7?)@">
                            <field name="VAR" id="`.I^}c^,4~q?e-;9r#`L" variabletype="">losing streak</field>
                            <value name="DELTA">
                              <shadow type="math_number" id=",#Pnjw97tp:yf8NylcL~">
                                <field name="NUM">1</field>
                              </shadow>
                              <block type="math_number" id="=?|Wsf1+gXc.E.A`?iK8">
                                <field name="NUM">1</field>
                              </block>
                            </value>
                            <next>
                              <block type="variables_set" id="5h)B-}*Fa#=/^i[di!OL">
                                <field name="VAR" id="*w}?5HkT~w1kY]uGyD?+" variabletype="">winning streak</field>
                                <value name="VALUE">
                                  <block type="math_number" id="J{K*`L[z%?WW0Li#l=6=">
                                    <field name="NUM">0</field>
                                  </block>
                                </value>
                                <next>
                                  <block type="controls_if" id="+gc7f.()jZGLp83:7b5!">
                                    <mutation else="1"></mutation>
                                    <value name="IF0">
                                      <block type="logic_compare" id="gO|L!O+)?R{Rm%zOV-]K">
                                        <field name="OP">EQ</field>
                                        <value name="A">
                                          <block type="variables_get" id="8O)NqphIw$D{WFXCYm/*">
                                            <field name="VAR" id="`.I^}c^,4~q?e-;9r#`L" variabletype="">losing streak</field>
                                          </block>
                                        </value>
                                        <value name="B">
                                          <block type="variables_get" id="H+wYbHj.0r/l#$5q8?7@">
                                            <field name="VAR" id="/Te}|hUvDiP}U`89XFJY" variabletype="">MAKSIMAL LEVEL MARTI</field>
                                          </block>
                                        </value>
                                      </block>
                                    </value>
                                    <statement name="DO0">
                                      <block type="variables_set" id="[Y|JRBeHipNmM*t/s}tX">
                                        <field name="VAR" id="`.I^}c^,4~q?e-;9r#`L" variabletype="">losing streak</field>
                                        <value name="VALUE">
                                          <block type="math_number" id="wtX4r0i.)ZnA+qT1$.)~">
                                            <field name="NUM">0</field>
                                          </block>
                                        </value>
                                        <next>
                                          <block type="variables_set" id=".k}C]e/^LKz0*(,60|b?">
                                            <field name="VAR" id=".#?I=EeXYD}6l!Cf.gZ6" variabletype="">Initial Amount</field>
                                            <value name="VALUE">
                                              <block type="variables_get" id="9uFENU[q|.!g3{e,XR-E">
                                                <field name="VAR" id="W#MDqi;8#K?,S(@3jcX}" variabletype="">STAKE</field>
                                              </block>
                                            </value>
                                          </block>
                                        </next>
                                      </block>
                                    </statement>
                                    <statement name="ELSE">
                                      <block type="math_change" id="K@ow/j9Dhypt]H~q!D|z">
                                        <field name="VAR" id=".#?I=EeXYD}6l!Cf.gZ6" variabletype="">Initial Amount</field>
                                        <value name="DELTA">
                                          <shadow type="math_number" id="fDQsAu}J;X*5KZ}N*^Wi">
                                            <field name="NUM">1</field>
                                          </shadow>
                                          <block type="math_arithmetic" id="fA(Kq_WTB?:2^i3{N5Mv">
                                            <field name="OP">MULTIPLY</field>
                                            <value name="A">
                                              <shadow type="math_number" id="0(byU7?srIIA}1*GbDm[">
                                                <field name="NUM">1</field>
                                              </shadow>
                                              <block type="variables_get" id="bLi][na^QhZ9~zPV/99b">
                                                <field name="VAR" id=".#?I=EeXYD}6l!Cf.gZ6" variabletype="">Initial Amount</field>
                                              </block>
                                            </value>
                                            <value name="B">
                                              <shadow type="math_number" id="C9-,SOUICTigG3EuuA5p">
                                                <field name="NUM">1.1</field>
                                              </shadow>
                                              <block type="variables_get" id="uW.P0fK%6[*%)@b8:LFS">
                                                <field name="VAR" id="S%:!W?llAvWoj1`W/LVa" variabletype="">MartingaleValue</field>
                                              </block>
                                            </value>
                                          </block>
                                        </value>
                                      </block>
                                    </statement>
                                  </block>
                                </next>
                              </block>
                            </next>
                          </block>
                        </next>
                      </block>
                    </next>
                  </block>
                </next>
              </block>
            </next>
          </block>
        </statement>
        <next>
          <block type="controls_if" id="|t;}.dm,t1#^9DZ.t9e2">
            <mutation else="1"></mutation>
            <value name="IF0">
              <block type="logic_compare" id="n6|9w`UTp47YaTVG-t[p">
                <field name="OP">GTE</field>
                <value name="A">
                  <block type="total_profit" id="xp-AF!y_r+P%0#og@_h0"></block>
                </value>
                <value name="B">
                  <block type="math_number" id="p!RJ@F()HMccC*y5^6m!">
                    <field name="NUM">0</field>
                  </block>
                </value>
              </block>
            </value>
            <statement name="DO0">
              <block type="notify" id="R~`]{V3qkZR-T~@r6i3[">
                <field name="NOTIFICATION_TYPE">info</field>
                <field name="NOTIFICATION_SOUND">silent</field>
                <value name="MESSAGE">
                  <block type="text_join" id="{3G;3(]u!*64-TB4yaeq">
                    <mutation items="2"></mutation>
                    <value name="ADD0">
                      <block type="text" id="N?rWT3(Lyn${A+$,+W9*">
                        <field name="TEXT">Target </field>
                      </block>
                    </value>
                    <value name="ADD1">
                      <block type="total_profit" id="@jY,f96t{4fIrB,VyM0N"></block>
                    </value>
                  </block>
                </value>
              </block>
            </statement>
            <statement name="ELSE">
              <block type="notify" id="##Yz`[|2-1+VtQUuHk:)">
                <field name="NOTIFICATION_TYPE">warn</field>
                <field name="NOTIFICATION_SOUND">silent</field>
                <value name="MESSAGE">
                  <block type="text_join" id="ThmuihQajgvL-QEWni$^">
                    <mutation items="2"></mutation>
                    <value name="ADD0">
                      <block type="text" id="Et3olC1M;r?|utS3b{.+">
                        <field name="TEXT">Total Profit </field>
                      </block>
                    </value>
                    <value name="ADD1">
                      <block type="total_profit" id="jqJR,?t3G^~EtL9`1OdY"></block>
                    </value>
                  </block>
                </value>
              </block>
            </statement>
            <next>
              <block type="controls_if" id="*T0du$?uTZJZ4D3E*9?s">
                <mutation elseif="1" else="1"></mutation>
                <value name="IF0">
                  <block type="logic_compare" id="09xbI)b?+bZ_($~oM`g0">
                    <field name="OP">GTE</field>
                    <value name="A">
                      <block type="total_profit" id="p0)!Pu);zW*:$OwI.GdH"></block>
                    </value>
                    <value name="B">
                      <block type="variables_get" id="KE^;=^{}E#+]0^1PG,$P">
                        <field name="VAR" id="4.,4u(qK8A5`=rg_u}{e" variabletype="">TARGET PROFIT</field>
                      </block>
                    </value>
                  </block>
                </value>
                <statement name="DO0">
                  <block type="text_print" id="kS:0E.8[k#l_,ofl;r5.">
                    <value name="TEXT">
                      <shadow type="text" id="eZUb-P^OKXwOD]NR4c~?">
                        <field name="TEXT">abc</field>
                      </shadow>
                      <block type="text_join" id="+Wa/G#bE=`+DK0;,_ZBN">
                        <mutation items="2"></mutation>
                        <value name="ADD0">
                          <block type="text" id="2_j]n=}b*JXgR/_Y1TA{">
                            <field name="TEXT">Take Profit! $  </field>
                          </block>
                        </value>
                        <value name="ADD1">
                          <block type="total_profit" id="!NQxO^Z;IMww7*=pdEz2"></block>
                        </value>
                      </block>
                    </value>
                    <next>
                      <block type="text_print" id="7cse--@_Hg[O!eKJYR08">
                        <value name="TEXT">
                          <shadow type="text" id="eZUb-P^OKXwOD]NR4c~?">
                            <field name="TEXT">abc</field>
                          </shadow>
                          <block type="text" id="RylQH#=(ksmxe8p?SUuE">
                            <field name="TEXT">--------((( JANGAN LUPA BESEDEKAH UNTUK MEMPERLANCAR REJEKI KAWAN )))----------</field>
                          </block>
                        </value>
                      </block>
                    </next>
                  </block>
                </statement>
                <value name="IF1">
                  <block type="logic_compare" id="G1:hL3dv?o;Y!`=z:R8t">
                    <field name="OP">GTE</field>
                    <value name="A">
                      <block type="variables_get" id="XPw4iq:r:))OOtpvJWMZ">
                        <field name="VAR" id="`.I^}c^,4~q?e-;9r#`L" variabletype="">losing streak</field>
                      </block>
                    </value>
                    <value name="B">
                      <block type="variables_get" id="Z6OyaP6ks2t{%#h-Vnk%">
                        <field name="VAR" id="AwHaJ$uP6%`gBp!D-t![" variabletype="">STOP LOSS</field>
                      </block>
                    </value>
                  </block>
                </value>
                <statement name="DO1">
                  <block type="text_print" id="mS%AU?z[?}Lr6^*y4M*t">
                    <value name="TEXT">
                      <shadow type="text" id="eZUb-P^OKXwOD]NR4c~?">
                        <field name="TEXT">abc</field>
                      </shadow>
                      <block type="text_join" id="OCq[$5;1RUKZlk;YO*8C">
                        <mutation items="2"></mutation>
                        <value name="ADD0">
                          <block type="text" id="n%GM5KQRyLRPf}ImvZMJ">
                            <field name="TEXT">Stop loses! $  </field>
                          </block>
                        </value>
                        <value name="ADD1">
                          <block type="total_profit" id="qdxXAbn}dl-W)RH+V05-"></block>
                        </value>
                      </block>
                    </value>
                  </block>
                </statement>
                <statement name="ELSE">
                  <block type="notify" id="Jm^.@c}!*$;olf]xG.?7">
                    <field name="NOTIFICATION_TYPE">info</field>
                    <field name="NOTIFICATION_SOUND">silent</field>
                    <value name="MESSAGE">
                      <block type="text_join" id="ihx:J.i_x87N6gCaQNyI">
                        <mutation items="2"></mutation>
                        <value name="ADD0">
                          <block type="text" id="x(*H!!K!@#cc`x(j86yA">
                            <field name="TEXT">TP </field>
                          </block>
                        </value>
                        <value name="ADD1">
                          <block type="variables_get" id="jw(3%]/Z|~wp?k:,)=$G">
                            <field name="VAR" id="4.,4u(qK8A5`=rg_u}{e" variabletype="">TARGET PROFIT</field>
                          </block>
                        </value>
                      </block>
                    </value>
                    <next>
                      <block type="trade_again" id="4@JcI#uIDv~c(PPGio_`"></block>
                    </next>
                  </block>
                </statement>
              </block>
            </next>
          </block>
        </next>
      </block>
    </statement>
  </block>
  <block type="tick_analysis" id="@rG2Vb]*vBL8ID`7c6ap" collapsed="true" x="421" y="548">
    <statement name="TICKANALYSIS_STACK">
      <block type="variables_set" id="EAjp9nfvCKLBwAT66pg/">
        <field name="VAR" id="FS^4@q/zRgsn3HO(yfNC" variabletype="">wormColor</field>
        <value name="VALUE">
          <block type="math_number" id=".~H(,dTao((@.G%FU?;@">
            <field name="NUM">0</field>
          </block>
        </value>
        <next>
          <block type="variables_set" id="P)|5cP_^h`?OJvY:7`V]">
            <field name="VAR" id="PSB#,l08K!k6e*T!Qe^G" variabletype="">wormNeck</field>
            <value name="VALUE">
              <block type="text" id="r2IK_}s^hRL2i%/rw98{">
                <field name="TEXT">non</field>
              </block>
            </value>
            <next>
              <block type="variables_set" id="Yd;W6`/7QzX`v](/d50s">
                <field name="VAR" id="PSB#,l08K!k6e*T!Qe^G" variabletype="">wormNeck</field>
                <value name="VALUE">
                  <block type="variables_get" id="p-_p$y4hJ=J)`$|}9Z@m">
                    <field name="VAR" id="3AFhTv^q.0ymi4{7!jHs" variabletype="">wormHead</field>
                  </block>
                </value>
                <next>
                  <block type="controls_for" id="0UqQ`||@xR(#7T|Y1QGe">
                    <field name="VAR" id="XfOW5Y~BBNNMiv`@1vs?" variabletype="">i</field>
                    <value name="FROM">
                      <block type="math_number" id="4KzYrh@%mbSrTmCDEiKQ">
                        <field name="NUM">2</field>
                      </block>
                    </value>
                    <value name="TO">
                      <block type="math_number" id="`xi**Fzi61Btw#4_T,!n">
                        <field name="NUM">21</field>
                      </block>
                    </value>
                    <value name="BY">
                      <block type="math_number" id="US6bN+zTx,ey=FNhRjJ_">
                        <field name="NUM">1</field>
                      </block>
                    </value>
                    <statement name="DO">
                      <block type="controls_if" id="!+(w6^|DJ1K~P=Rod{sv">
                        <mutation elseif="1"></mutation>
                        <value name="IF0">
                          <block type="logic_compare" id="*a=SK?C%9d::IDhuHN20">
                            <field name="OP">GT</field>
                            <value name="A">
                              <block type="tick" id="N#?umZxP7/o9GN`)de2I"></block>
                            </value>
                            <value name="B">
                              <block type="lists_getIndex" id="l1.p=:|kfr_HY08|ZZ![">
                                <mutation statement="false" at="true"></mutation>
                                <field name="MODE">GET</field>
                                <field name="WHERE">FROM_END</field>
                                <value name="VALUE">
                                  <block type="ticks" id="`fsc)!`,}EMW?7FzlH}]"></block>
                                </value>
                                <value name="AT">
                                  <block type="variables_get" id="D`+p9l~{7i5~vzD+J3`=">
                                    <field name="VAR" id="XfOW5Y~BBNNMiv`@1vs?" variabletype="">i</field>
                                  </block>
                                </value>
                              </block>
                            </value>
                          </block>
                        </value>
                        <statement name="DO0">
                          <block type="math_change" id="%Q#A2S6#rH$I~p=ZeS-!">
                            <field name="VAR" id="FS^4@q/zRgsn3HO(yfNC" variabletype="">wormColor</field>
                            <value name="DELTA">
                              <shadow type="math_number" id="02NXS8~_FAb(d_4G72uA">
                                <field name="NUM">1</field>
                              </shadow>
                            </value>
                          </block>
                        </statement>
                        <value name="IF1">
                          <block type="logic_compare" id="9{g^#d+XADqp5vZ(bkKN">
                            <field name="OP">LT</field>
                            <value name="A">
                              <block type="tick" id="`)iL`/udAl15W|DS5H1T"></block>
                            </value>
                            <value name="B">
                              <block type="lists_getIndex" id="WZ}QceoHDuc+NdN2@-4j">
                                <mutation statement="false" at="true"></mutation>
                                <field name="MODE">GET</field>
                                <field name="WHERE">FROM_END</field>
                                <value name="VALUE">
                                  <block type="ticks" id="{K8h~OcZ=J5~%7;H3r$/"></block>
                                </value>
                                <value name="AT">
                                  <block type="variables_get" id="]/zQ(`A3cTIwWiX9WO2S">
                                    <field name="VAR" id="XfOW5Y~BBNNMiv`@1vs?" variabletype="">i</field>
                                  </block>
                                </value>
                              </block>
                            </value>
                          </block>
                        </value>
                        <statement name="DO1">
                          <block type="math_change" id="jL(/_@,WT!yP)QCRXX_N">
                            <field name="VAR" id="FS^4@q/zRgsn3HO(yfNC" variabletype="">wormColor</field>
                            <value name="DELTA">
                              <shadow type="math_number" id="%uN}acQy6[rxIMM/4gVn">
                                <field name="NUM">-1</field>
                              </shadow>
                            </value>
                          </block>
                        </statement>
                      </block>
                    </statement>
                    <next>
                      <block type="controls_if" id="j*!C^gna3%{Ep-:61l,,">
                        <mutation elseif="1" else="1"></mutation>
                        <value name="IF0">
                          <block type="logic_compare" id="sra5D=O#@6WrnR00TEXH">
                            <field name="OP">EQ</field>
                            <value name="A">
                              <block type="variables_get" id=".0Q=ABY8$ve5R/B0AVR1">
                                <field name="VAR" id="FS^4@q/zRgsn3HO(yfNC" variabletype="">wormColor</field>
                              </block>
                            </value>
                            <value name="B">
                              <block type="math_number" id="0vB!{%,[Qec_h):f*Qbh">
                                <field name="NUM">20</field>
                              </block>
                            </value>
                          </block>
                        </value>
                        <statement name="DO0">
                          <block type="variables_set" id="f,v(+97pBa[6YW_TSZU$">
                            <field name="VAR" id="3AFhTv^q.0ymi4{7!jHs" variabletype="">wormHead</field>
                            <value name="VALUE">
                              <block type="text" id="1:.hzpRD]?MEu$.=}RTy">
                                <field name="TEXT">blue</field>
                              </block>
                            </value>
                          </block>
                        </statement>
                        <value name="IF1">
                          <block type="logic_compare" id="fa.)v],ghB96Oa.Yp,Cp">
                            <field name="OP">EQ</field>
                            <value name="A">
                              <block type="variables_get" id="]Msc6Wv!ND.c$+!~Q:E/">
                                <field name="VAR" id="FS^4@q/zRgsn3HO(yfNC" variabletype="">wormColor</field>
                              </block>
                            </value>
                            <value name="B">
                              <block type="math_number" id="jz)=vsS@2AK.kEo.G,j.">
                                <field name="NUM">-20</field>
                              </block>
                            </value>
                          </block>
                        </value>
                        <statement name="DO1">
                          <block type="variables_set" id="|.M/t^0QH3s3+`s~iZ)/">
                            <field name="VAR" id="3AFhTv^q.0ymi4{7!jHs" variabletype="">wormHead</field>
                            <value name="VALUE">
                              <block type="text" id="Nzb|qZy,B5B@)Nkw?+FG">
                                <field name="TEXT">red</field>
                              </block>
                            </value>
                          </block>
                        </statement>
                        <statement name="ELSE">
                          <block type="variables_set" id="c2q+eZ#[Tr(O[{xSo+CE">
                            <field name="VAR" id="3AFhTv^q.0ymi4{7!jHs" variabletype="">wormHead</field>
                            <value name="VALUE">
                              <block type="text" id="9=DOV7QIYmkM2~j=|Uqv">
                                <field name="TEXT">green</field>
                              </block>
                            </value>
                          </block>
                        </statement>
                        <next>
                          <block type="controls_if" id="B|F!0xx)n9zm*R#Up-m(">
                            <mutation elseif="1" else="1"></mutation>
                            <value name="IF0">
                              <block type="logic_operation" id="2?Y[`Q`b5KJ/Hie68,lS">
                                <field name="OP">AND</field>
                                <value name="A">
                                  <block type="logic_compare" id="xi`b{Ee8dA:W6K;$AnlJ">
                                    <field name="OP">EQ</field>
                                    <value name="A">
                                      <block type="variables_get" id="8DZ]]:kr05]6Xny$!SQa">
                                        <field name="VAR" id="3AFhTv^q.0ymi4{7!jHs" variabletype="">wormHead</field>
                                      </block>
                                    </value>
                                    <value name="B">
                                      <block type="text" id="Zh?0ws$8WItlhQLA]9A0">
                                        <field name="TEXT">blue</field>
                                      </block>
                                    </value>
                                  </block>
                                </value>
                                <value name="B">
                                  <block type="logic_compare" id="Mjva$puZrFu/hDg~Vwq/">
                                    <field name="OP">EQ</field>
                                    <value name="A">
                                      <block type="variables_get" id="=+QVj/den*+v}7}D.zVx">
                                        <field name="VAR" id="PSB#,l08K!k6e*T!Qe^G" variabletype="">wormNeck</field>
                                      </block>
                                    </value>
                                    <value name="B">
                                      <block type="text" id="4Qp?grv4Gece,NK~J)cD">
                                        <field name="TEXT">blue</field>
                                      </block>
                                    </value>
                                  </block>
                                </value>
                              </block>
                            </value>
                            <statement name="DO0">
                              <block type="math_change" id="0qd)+nZh@zbyqc+}r.Ds">
                                <field name="VAR" id="^5v(S;e=[37NjK{EYQ5]" variabletype="">wormBlue</field>
                                <value name="DELTA">
                                  <shadow type="math_number" id="aC?m2;kFUHMFUK!o}bR(">
                                    <field name="NUM">1</field>
                                  </shadow>
                                </value>
                                <next>
                                  <block type="variables_set" id="7M+7w:cq:;(0*uL$/dj$">
                                    <field name="VAR" id="@d`|EQwdg,qWi6/x=wIm" variabletype="">wormRed</field>
                                    <value name="VALUE">
                                      <block type="math_number" id="zURs_qln^*[5o(Oe0k~e">
                                        <field name="NUM">0</field>
                                      </block>
                                    </value>
                                    <next>
                                      <block type="notify" id="u(jnVd4Ouaj^jf2UPirc">
                                        <field name="NOTIFICATION_TYPE">info</field>
                                        <field name="NOTIFICATION_SOUND">announcement</field>
                                        <value name="MESSAGE">
                                          <block type="text_join" id="Q$x~%|P!O^1/klUu]yHa">
                                            <mutation items="3"></mutation>
                                            <value name="ADD0">
                                              <block type="text" id="4%UZ1F4%C7%ja;EH%z]*">
                                                <field name="TEXT">Blue head </field>
                                              </block>
                                            </value>
                                            <value name="ADD1">
                                              <block type="variables_get" id="sA9}nwP!jnAlpc}|Z4DB">
                                                <field name="VAR" id="^5v(S;e=[37NjK{EYQ5]" variabletype="">wormBlue</field>
                                              </block>
                                            </value>
                                            <value name="ADD2">
                                              <block type="text" id="a!d^INIZOw42NzctW22r">
                                                <field name="TEXT">:: Ready OP Fall</field>
                                              </block>
                                            </value>
                                          </block>
                                        </value>
                                        <next>
                                          <block type="controls_if" id="G?#FJuiH8}s(eH{_iH`t">
                                            <mutation else="1"></mutation>
                                            <value name="IF0">
                                              <block type="logic_compare" id="{KRxr.xwTKF}eb^@~$mn">
                                                <field name="OP">GTE</field>
                                                <value name="A">
                                                  <block type="variables_get" id="4]{{86%WcYyqe|BJ92Bx">
                                                    <field name="VAR" id="^5v(S;e=[37NjK{EYQ5]" variabletype="">wormBlue</field>
                                                  </block>
                                                </value>
                                                <value name="B">
                                                  <block type="variables_get" id="az+`qZVfyxxt5G6?x3Y/">
                                                    <field name="VAR" id="f0L#EY-StDT!LbQaecVx" variabletype="">TICK-OP-TREND-EXTREM</field>
                                                  </block>
                                                </value>
                                              </block>
                                            </value>
                                            <statement name="DO0">
                                              <block type="variables_set" id="mV:Ywh+Ev#wT!Q%TT{-2">
                                                <field name="VAR" id="7zaii#1a6I*RNR29,a*6" variabletype="">wormPurchase</field>
                                                <value name="VALUE">
                                                  <block type="text" id="dM:BxZVc7FKy{]YJ-ryh">
                                                    <field name="TEXT">PUT</field>
                                                  </block>
                                                </value>
                                              </block>
                                            </statement>
                                            <statement name="ELSE">
                                              <block type="variables_set" id="G;E5x1aY#8LDLj`x@c$0">
                                                <field name="VAR" id="7zaii#1a6I*RNR29,a*6" variabletype="">wormPurchase</field>
                                                <value name="VALUE">
                                                  <block type="text" id="8)LX9RzRz2~UXZT=/qjr">
                                                    <field name="TEXT">NON</field>
                                                  </block>
                                                </value>
                                              </block>
                                            </statement>
                                          </block>
                                        </next>
                                      </block>
                                    </next>
                                  </block>
                                </next>
                              </block>
                            </statement>
                            <value name="IF1">
                              <block type="logic_operation" id="GQEMm|s$htMP|Ze5lK#a">
                                <field name="OP">AND</field>
                                <value name="A">
                                  <block type="logic_compare" id="m-T6,[^p6uAg===$5=yJ">
                                    <field name="OP">EQ</field>
                                    <value name="A">
                                      <block type="variables_get" id="@)s?I4Qqvy+6*Lr/RLd}">
                                        <field name="VAR" id="3AFhTv^q.0ymi4{7!jHs" variabletype="">wormHead</field>
                                      </block>
                                    </value>
                                    <value name="B">
                                      <block type="text" id="Cd]}zZETh}AOIeI6~9^D">
                                        <field name="TEXT">red</field>
                                      </block>
                                    </value>
                                  </block>
                                </value>
                                <value name="B">
                                  <block type="logic_compare" id="Ish0W5P02bR#*5mcea?M">
                                    <field name="OP">EQ</field>
                                    <value name="A">
                                      <block type="variables_get" id="n4:-7ZlJyFk+bRY_ROY:">
                                        <field name="VAR" id="PSB#,l08K!k6e*T!Qe^G" variabletype="">wormNeck</field>
                                      </block>
                                    </value>
                                    <value name="B">
                                      <block type="text" id="o|@hE6#u/VTeV21)rk?d">
                                        <field name="TEXT">red</field>
                                      </block>
                                    </value>
                                  </block>
                                </value>
                              </block>
                            </value>
                            <statement name="DO1">
                              <block type="math_change" id="GQX|,[cuH|wJcpH4E,%*">
                                <field name="VAR" id="@d`|EQwdg,qWi6/x=wIm" variabletype="">wormRed</field>
                                <value name="DELTA">
                                  <shadow type="math_number" id="]$c=rf/461$%dH4aYaz#">
                                    <field name="NUM">1</field>
                                  </shadow>
                                </value>
                                <next>
                                  <block type="variables_set" id="OoOL3B*]LiQhT7DehygC">
                                    <field name="VAR" id="^5v(S;e=[37NjK{EYQ5]" variabletype="">wormBlue</field>
                                    <value name="VALUE">
                                      <block type="math_number" id="NygDM+h*Gm,~2sz2+er[">
                                        <field name="NUM">0</field>
                                      </block>
                                    </value>
                                    <next>
                                      <block type="notify" id=";VPYNP{vCTG`C%+vRpI-">
                                        <field name="NOTIFICATION_TYPE">error</field>
                                        <field name="NOTIFICATION_SOUND">announcement</field>
                                        <value name="MESSAGE">
                                          <block type="text_join" id="-Fq0[l3|ln)LOPsCN?Bx">
                                            <mutation items="3"></mutation>
                                            <value name="ADD0">
                                              <block type="text" id="OcjVE4Em7/yy[K*.M!{j">
                                                <field name="TEXT">Red head </field>
                                              </block>
                                            </value>
                                            <value name="ADD1">
                                              <block type="variables_get" id="bWRI#_v6mn=3P+|+];11">
                                                <field name="VAR" id="@d`|EQwdg,qWi6/x=wIm" variabletype="">wormRed</field>
                                              </block>
                                            </value>
                                            <value name="ADD2">
                                              <block type="text" id="$hH$8F~/WbTRK`{_A%$4">
                                                <field name="TEXT">:: Ready OP Rise</field>
                                              </block>
                                            </value>
                                          </block>
                                        </value>
                                        <next>
                                          <block type="controls_if" id="gN+)vd@vBr]!^+knHWC3">
                                            <mutation else="1"></mutation>
                                            <value name="IF0">
                                              <block type="logic_compare" id="}oRD8{JqS)FyefzgCBi6">
                                                <field name="OP">GTE</field>
                                                <value name="A">
                                                  <block type="variables_get" id="TBqo;9_GNmM%z,G+Ceh3">
                                                    <field name="VAR" id="@d`|EQwdg,qWi6/x=wIm" variabletype="">wormRed</field>
                                                  </block>
                                                </value>
                                                <value name="B">
                                                  <block type="variables_get" id="`_{i?Dx(;YM3|{Z)=6[S">
                                                    <field name="VAR" id="f0L#EY-StDT!LbQaecVx" variabletype="">TICK-OP-TREND-EXTREM</field>
                                                  </block>
                                                </value>
                                              </block>
                                            </value>
                                            <statement name="DO0">
                                              <block type="variables_set" id=",(=e0CUD-1{v5lOOLcBH">
                                                <field name="VAR" id="7zaii#1a6I*RNR29,a*6" variabletype="">wormPurchase</field>
                                                <value name="VALUE">
                                                  <block type="text" id="mg,Y[}$5?%LK[,;Y3hU=">
                                                    <field name="TEXT">CALL</field>
                                                  </block>
                                                </value>
                                              </block>
                                            </statement>
                                            <statement name="ELSE">
                                              <block type="variables_set" id="5,-T??-/0b^MjQRV?8UJ">
                                                <field name="VAR" id="7zaii#1a6I*RNR29,a*6" variabletype="">wormPurchase</field>
                                                <value name="VALUE">
                                                  <block type="text" id="{2*IG)bqTRcjX%k``Ov@">
                                                    <field name="TEXT">NON</field>
                                                  </block>
                                                </value>
                                              </block>
                                            </statement>
                                          </block>
                                        </next>
                                      </block>
                                    </next>
                                  </block>
                                </next>
                              </block>
                            </statement>
                            <statement name="ELSE">
                              <block type="controls_if" id="sT1*dke6XaFusx#O7%r(">
                                <mutation elseif="1" else="1"></mutation>
                                <value name="IF0">
                                  <block type="logic_compare" id="t6L=)NNJ?}v/`b_uLrnm">
                                    <field name="OP">GTE</field>
                                    <value name="A">
                                      <block type="variables_get" id="fBhs8/{4mUT}%-={]!H0">
                                        <field name="VAR" id="^5v(S;e=[37NjK{EYQ5]" variabletype="">wormBlue</field>
                                      </block>
                                    </value>
                                    <value name="B">
                                      <block type="variables_get" id="h]1){~IeljU8aY:|SYE{">
                                        <field name="VAR" id="GKE@(4ynEHFC/,~D:[uv" variabletype="">TICK-OP-FOLLOW</field>
                                      </block>
                                    </value>
                                  </block>
                                </value>
                                <statement name="DO0">
                                  <block type="variables_set" id="TwECwoZvtc%u^9Sba.`P">
                                    <field name="VAR" id="7zaii#1a6I*RNR29,a*6" variabletype="">wormPurchase</field>
                                    <value name="VALUE">
                                      <block type="text" id="Qx82T=;cfp-j#_@w)Jhf">
                                        <field name="TEXT">PUT</field>
                                      </block>
                                    </value>
                                  </block>
                                </statement>
                                <value name="IF1">
                                  <block type="logic_compare" id="D`3Mg~P*$mW)ip}y19#8">
                                    <field name="OP">GTE</field>
                                    <value name="A">
                                      <block type="variables_get" id="xY7{$O0s)jTuR-,BC;Y$">
                                        <field name="VAR" id="@d`|EQwdg,qWi6/x=wIm" variabletype="">wormRed</field>
                                      </block>
                                    </value>
                                    <value name="B">
                                      <block type="variables_get" id="*|{eG:J(K~zzdw$YZ_9H">
                                        <field name="VAR" id="GKE@(4ynEHFC/,~D:[uv" variabletype="">TICK-OP-FOLLOW</field>
                                      </block>
                                    </value>
                                  </block>
                                </value>
                                <statement name="DO1">
                                  <block type="variables_set" id="@7**B@ZFpQevW;Acc}z#">
                                    <field name="VAR" id="7zaii#1a6I*RNR29,a*6" variabletype="">wormPurchase</field>
                                    <value name="VALUE">
                                      <block type="text" id="-pp:J[n/~#h#IP,)BmGu">
                                        <field name="TEXT">CALL</field>
                                      </block>
                                    </value>
                                  </block>
                                </statement>
                                <statement name="ELSE">
                                  <block type="variables_set" id="M9Fk%@m$ab3B7#XY^|dC">
                                    <field name="VAR" id="7zaii#1a6I*RNR29,a*6" variabletype="">wormPurchase</field>
                                    <value name="VALUE">
                                      <block type="text" id="oya=![%]z,![f%7Sx|MM">
                                        <field name="TEXT">NON</field>
                                      </block>
                                    </value>
                                  </block>
                                </statement>
                                <next>
                                  <block type="variables_set" id="z`OJB/5Jo_)TyP9GE+YT">
                                    <field name="VAR" id="^5v(S;e=[37NjK{EYQ5]" variabletype="">wormBlue</field>
                                    <value name="VALUE">
                                      <block type="math_number" id="5^6r}hL!@_-9OUX8qY%e">
                                        <field name="NUM">0</field>
                                      </block>
                                    </value>
                                    <next>
                                      <block type="variables_set" id="rao4w4_KTspa(OeINxtJ">
                                        <field name="VAR" id="@d`|EQwdg,qWi6/x=wIm" variabletype="">wormRed</field>
                                        <value name="VALUE">
                                          <block type="math_number" id="YF`#SwGJd@Wv:*j!94*N">
                                            <field name="NUM">0</field>
                                          </block>
                                        </value>
                                      </block>
                                    </next>
                                  </block>
                                </next>
                              </block>
                            </statement>
                          </block>
                        </next>
                      </block>
                    </next>
                  </block>
                </next>
              </block>
            </next>
          </block>
        </next>
      </block>
    </statement>
  </block>
  <block type="before_purchase" id="tOc)]Xd=cAm0aiy+-8(8" x="15" y="864">
    <statement name="BEFOREPURCHASE_STACK">
      <block type="controls_if" id="WLOQ+)0grMQ^`cMM)Kbf">
        <mutation elseif="1"></mutation>
        <value name="IF0">
          <block type="logic_compare" id="FD,RuPiCfwoKv53gRq-K">
            <field name="OP">EQ</field>
            <value name="A">
              <block type="variables_get" id="uE5CV@8W},49d4yN7kP;">
                <field name="VAR" id="7zaii#1a6I*RNR29,a*6" variabletype="">wormPurchase</field>
              </block>
            </value>
            <value name="B">
              <block type="text" id="s|P_.T-;s.PSM5PiZ)qw">
                <field name="TEXT">CALL</field>
              </block>
            </value>
          </block>
        </value>
        <statement name="DO0">
          <block type="notify" id="Qd9k+LjLmKWb`,n[DZp~">
            <field name="NOTIFICATION_TYPE">info</field>
            <field name="NOTIFICATION_SOUND">announcement</field>
            <value name="MESSAGE">
              <block type="text_join" id="a6Oqn}%DtnR+V$zn*QH%">
                <mutation items="2"></mutation>
                <value name="ADD0">
                  <block type="text" id="~FYPYe5JB9a`u@[NsDK@">
                    <field name="TEXT">Open Rise</field>
                  </block>
                </value>
              </block>
            </value>
            <next>
              <block type="purchase" id="Q;`vp48|v7pG%t@W6`uQ">
                <field name="PURCHASE_LIST">CALL</field>
              </block>
            </next>
          </block>
        </statement>
        <value name="IF1">
          <block type="logic_compare" id="Vw^9TCX@xO+T;MbSIR%,">
            <field name="OP">EQ</field>
            <value name="A">
              <block type="variables_get" id="z|dK3lN?@~t0|G^aoZ!r">
                <field name="VAR" id="7zaii#1a6I*RNR29,a*6" variabletype="">wormPurchase</field>
              </block>
            </value>
            <value name="B">
              <block type="text" id="fy/kF?b#$eq7+Q.lyqWR">
                <field name="TEXT">PUT</field>
              </block>
            </value>
          </block>
        </value>
        <statement name="DO1">
          <block type="notify" id="=3;*EW5zCdX+!@V[Jk(4">
            <field name="NOTIFICATION_TYPE">error</field>
            <field name="NOTIFICATION_SOUND">announcement</field>
            <value name="MESSAGE">
              <block type="text_join" id="YFrwOB#cbV2);;=./+}c">
                <mutation items="2"></mutation>
                <value name="ADD0">
                  <block type="text" id="l=DobrU}RqF{nXRV]x$f">
                    <field name="TEXT">Open Fall</field>
                  </block>
                </value>
              </block>
            </value>
            <next>
              <block type="purchase" id="fxKQXWTvSLN~I3RB1P0I">
                <field name="PURCHASE_LIST">PUT</field>
              </block>
            </next>
          </block>
        </statement>
        <next>
          <block type="notify" id="9E=_.gkQCrOU-2+|d_}C">
            <field name="NOTIFICATION_TYPE">success</field>
            <field name="NOTIFICATION_SOUND">silent</field>
            <value name="MESSAGE">
              <shadow type="text" id=",K@la.cg$oT02:G*_qhM">
                <field name="TEXT">ANALYZING====&gt;&gt;&gt;&gt;&gt;&gt;&gt;&gt;&gt;&gt;&gt;&gt;</field>
              </shadow>
              <block type="text_join" id="K%Ax,AuX=V$ikSVdn`C3">
                <mutation items="3"></mutation>
                <value name="ADD0">
                  <block type="text" id="Ec:wXTt_uc}]0Bh9%^7d">
                    <field name="TEXT">ANALYZING====&gt;&gt;&gt;&gt;&gt;&gt;&gt;&gt;&gt;&gt;&gt;&gt; [] Next Wait Tick OP </field>
                  </block>
                </value>
                <value name="ADD1">
                  <block type="variables_get" id="jDzbvLpQyNcZbwgLyhC,">
                    <field name="VAR" id="GKE@(4ynEHFC/,~D:[uv" variabletype="">TICK-OP-FOLLOW</field>
                  </block>
                </value>
                <value name="ADD2">
                  <block type="text" id="^s$N#+H;=Q~fq%|]+qt8">
                    <field name="TEXT"> [] </field>
                  </block>
                </value>
              </block>
            </value>
          </block>
        </next>
      </block>
    </statement>
  </block>
</xml>