﻿<xml xmlns="http://www.w3.org/1999/xhtml" collection="false">
  <block type="trade" id="xgH69|xFn9=70w.*3Vo@" x="1" y="-17">
    <field name="MARKET_LIST">volidx</field>
    <field name="SUBMARKET_LIST">random_index</field>
    <field name="SYMBOL_LIST">R_75</field>
    <field name="TRADETYPECAT_LIST">callput</field>
    <field name="TRADETYPE_LIST">risefall</field>
    <field name="TYPE_LIST">both</field>
    <field name="CANDLEINTERVAL_LIST">60</field>
    <field name="TIME_MACHINE_ENABLED">FALSE</field>
    <field name="RESTARTONERROR">TRUE</field>
    <statement name="INITIALIZATION">
      <block type="variables_set" id=",#8W0_URIA%$FZrJJ6_u">
        <field name="VAR">TargetProfit</field>
        <value name="VALUE">
          <block type="math_number" id="E(k/Yc;5aMi!jaM*jSVz">
            <field name="NUM">100</field>
          </block>
        </value>
        <next>
          <block type="variables_set" id="+x+F9a.T)fnh$sAzU;[?">
            <field name="VAR">TargetLoss</field>
            <value name="VALUE">
              <block type="math_number" id=")Lz$z@)Ef%Ns$3(Q7MQn">
                <field name="NUM">50</field>
              </block>
            </value>
            <next>
              <block type="variables_set" id="{N1cBU{zx`(mJuN0gX4r">
                <field name="VAR">Modal</field>
                <value name="VALUE">
                  <block type="math_number" id="E.j;eL::W15sS]y.*)uv">
                    <field name="NUM">0.35</field>
                  </block>
                </value>
                <next>
                  <block type="variables_set" id="`tycr~4Kv/(TIdV]Ph`L">
                    <field name="VAR">ModalAwal</field>
                    <value name="VALUE">
                      <block type="math_number" id="m;,hvUO/8.J67:^[[G+.">
                        <field name="NUM">0.35</field>
                      </block>
                    </value>
                    <next>
                      <block type="variables_set" id="mvIP`8KU`$%cpz_s:W1e">
                        <field name="VAR">LossLevel</field>
                        <value name="VALUE">
                          <block type="math_number" id="WCILQaG5^/]]5y][4n^@">
                            <field name="NUM">0</field>
                          </block>
                        </value>
                        <next>
                          <block type="variables_set" id="^ua7x,589MEJj`mmegN$">
                            <field name="VAR">MaxLoss</field>
                            <value name="VALUE">
                              <block type="math_number" id=",0r]lp+}(^iRjq4)Yw,O">
                                <field name="NUM">6</field>
                              </block>
                            </value>
                          </block>
                        </next>
                      </block>
                    </next>
                  </block>
                </next>
              </block>
            </next>
          </block>
        </next>
      </block>
    </statement>
    <statement name="SUBMARKET">
      <block type="tradeOptions" id="x=V33~4Lb|(sLv`J[:Eb">
        <field name="DURATIONTYPE_LIST">t</field>
        <field name="CURRENCY_LIST">USD</field>
        <value name="DURATION">
          <shadow type="math_number" id="O*@58sDc=!cOO}*b2vf9">
            <field name="NUM">5</field>
          </shadow>
        </value>
        <value name="AMOUNT">
          <shadow type="math_number" id="ml)25~7^q}3I9}vjf:%K">
            <field name="NUM">0.5</field>
          </shadow>
          <block type="variables_get" id="}z;~-WT7HVI@{3Zgb#dQ">
            <field name="VAR">Modal</field>
          </block>
        </value>
      </block>
    </statement>
  </block>
  <block type="during_purchase" id="(4;NieXd}j|Bn!c-YiC|" x="706" y="343">
    <statement name="DURING_PURCHASE_STACK">
      <block type="controls_if" id="8?eYKAW%VczmRXQ-ou3r">
        <value name="IF0">
          <block type="check_sell" id="M=:_KpEeRAJY_}XTU^8~"></block>
        </value>
      </block>
    </statement>
  </block>
  <block type="before_purchase" id="i-CIx.(Onm4?ihxzA}Y]" x="4" y="430">
    <statement name="BEFOREPURCHASE_STACK">
      <block type="variables_set" id="4)wUYWp3[WwK-b2D/4PD">
        <field name="VAR">CDL</field>
        <value name="VALUE">
          <block type="lists_getIndex" id="I?zMhM|9~Ra!Bv9VT+Bi">
            <mutation statement="false" at="true"></mutation>
            <field name="MODE">GET</field>
            <field name="WHERE">FROM_START</field>
            <value name="VALUE">
              <block type="ohlc_values" id="r:8`Svb(uxs~-#Vn612j">
                <field name="OHLCFIELD_LIST">close</field>
                <field name="CANDLEINTERVAL_LIST">default</field>
              </block>
            </value>
            <value name="AT">
              <block type="math_number" id="9gY1{Alw#.u6{FmmBROU">
                <field name="NUM">1</field>
              </block>
            </value>
          </block>
        </value>
        <next>
          <block type="variables_set" id="r|m6^E*?:8zmWgOro(b1">
            <field name="VAR">BBup</field>
            <value name="VALUE">
              <block type="bb" id="Iay0KTht%VJEGfSC/x|.">
                <field name="BBRESULT_LIST">1</field>
                <value name="INPUT">
                  <block type="ticks" id="IXd3uq[@m%J1f?mJOjhk"></block>
                </value>
                <value name="PERIOD">
                  <shadow type="math_number" id="Uea!I4-_F}#;CW1b+`pD">
                    <field name="NUM">10</field>
                  </shadow>
                </value>
                <value name="UPMULTIPLIER">
                  <shadow type="math_number" id="0%N`(Yv.bZ/9B?LF:a+r">
                    <field name="NUM">2</field>
                  </shadow>
                </value>
                <value name="DOWNMULTIPLIER">
                  <shadow type="math_number" id="o7/nwYDn#spqAxZEW3H#">
                    <field name="NUM">2</field>
                  </shadow>
                </value>
              </block>
            </value>
            <next>
              <block type="variables_set" id="5!/K1/6[GM`T5+s4MVlp">
                <field name="VAR">BBMd</field>
                <value name="VALUE">
                  <block type="bb" id="VE(G)(Zkc(`+@El0#s$B">
                    <field name="BBRESULT_LIST">0</field>
                    <value name="INPUT">
                      <block type="ticks" id="j#Xq[k[TQJ4T*xs,{(eQ"></block>
                    </value>
                    <value name="PERIOD">
                      <shadow type="math_number" id="y-av9W7nH2T4q?RSlvTF">
                        <field name="NUM">10</field>
                      </shadow>
                    </value>
                    <value name="UPMULTIPLIER">
                      <shadow type="math_number" id="YABEpwbI4#l[#9IHVk`q">
                        <field name="NUM">2</field>
                      </shadow>
                    </value>
                    <value name="DOWNMULTIPLIER">
                      <shadow type="math_number" id="EHJ-vk|SP?j23udF%#lV">
                        <field name="NUM">2</field>
                      </shadow>
                    </value>
                  </block>
                </value>
                <next>
                  <block type="variables_set" id="L+OsKbPVFVE5i}-.CNBw">
                    <field name="VAR">BBLow</field>
                    <value name="VALUE">
                      <block type="bb" id="cIbK$5lU]v2x0ZG501z;">
                        <field name="BBRESULT_LIST">2</field>
                        <value name="INPUT">
                          <block type="ticks" id="Z/-gFa~3wy,]`NgEo;i|"></block>
                        </value>
                        <value name="PERIOD">
                          <shadow type="math_number" id="Xa~Uw!Y@nN}#/ENNl5`Y">
                            <field name="NUM">10</field>
                          </shadow>
                        </value>
                        <value name="UPMULTIPLIER">
                          <shadow type="math_number" id="^q~MX0LOten3`xmau}Cq">
                            <field name="NUM">2</field>
                          </shadow>
                        </value>
                        <value name="DOWNMULTIPLIER">
                          <shadow type="math_number" id="TPDBh(_Y?c;dgz]~Kj*u">
                            <field name="NUM">2</field>
                          </shadow>
                        </value>
                      </block>
                    </value>
                    <next>
                      <block type="variables_set" id="xK(Gt.)Y^mO_a.CZ0p!P">
                        <field name="VAR">EMA</field>
                        <value name="VALUE">
                          <block type="ema" id="@Mzrk#RkIkQG1g-Ii?5:">
                            <value name="INPUT">
                              <block type="ticks" id="EeKYFkltRU9w#YBl_!fq"></block>
                            </value>
                            <value name="PERIOD">
                              <shadow type="math_number" id="zDVe4,Qi*-{sl:.ffq-$">
                                <field name="NUM">10</field>
                              </shadow>
                            </value>
                          </block>
                        </value>
                        <next>
                          <block type="variables_set" id="1)3[FYD^y$KPK+o1yLsy">
                            <field name="VAR">PersenNaik</field>
                            <value name="VALUE">
                              <block type="math_arithmetic" id="(3Y%LTP~%-e#72zVWuOE">
                                <field name="OP">MULTIPLY</field>
                                <value name="A">
                                  <shadow type="math_number" id="mqR7yS.^Pz~h#W?,bHD@">
                                    <field name="NUM">1</field>
                                  </shadow>
                                  <block type="math_single" id="4{$!+}a|QN{-H|{C.*q?">
                                    <field name="OP">ABS</field>
                                    <value name="NUM">
                                      <shadow type="math_number" id=";wVo9X/g0~*elF_9d@zB">
                                        <field name="NUM">9</field>
                                      </shadow>
                                      <block type="math_arithmetic" id="B2X(Vuipl%m0S{-V=QI3">
                                        <field name="OP">DIVIDE</field>
                                        <value name="A">
                                          <shadow type="math_number" id="Sd`/PV3kOgH:H;-^o3[B">
                                            <field name="NUM">1</field>
                                          </shadow>
                                          <block type="math_arithmetic" id="r%(SrTWP$nWQ3-8ygjAP">
                                            <field name="OP">MINUS</field>
                                            <value name="A">
                                              <shadow type="math_number" id=")8Y;SM?8|:N!_9rSymf9">
                                                <field name="NUM">1</field>
                                              </shadow>
                                              <block type="variables_get" id="L-h}N$m)?D*+1DXU*fK7">
                                                <field name="VAR">EMA</field>
                                              </block>
                                            </value>
                                            <value name="B">
                                              <shadow type="math_number" id="4eG:Hy0-mvnCO0h1fK[F">
                                                <field name="NUM">1</field>
                                              </shadow>
                                              <block type="variables_get" id="#Noxk1!Zc])${a$.QnI|">
                                                <field name="VAR">BBMd</field>
                                              </block>
                                            </value>
                                          </block>
                                        </value>
                                        <value name="B">
                                          <shadow type="math_number" id="t(b4rYSo^3#Tfs+otczb">
                                            <field name="NUM">1</field>
                                          </shadow>
                                          <block type="variables_get" id="2Mh=bO4PJ[C$5ySU*/zb">
                                            <field name="VAR">BBMd</field>
                                          </block>
                                        </value>
                                      </block>
                                    </value>
                                  </block>
                                </value>
                                <value name="B">
                                  <shadow type="math_number" id="+esMAm*s[B(Bq[SZCZ)Q">
                                    <field name="NUM">100</field>
                                  </shadow>
                                </value>
                              </block>
                            </value>
                            <next>
                              <block type="variables_set" id="mPm/k7U[pnU9@}wEiO~D">
                                <field name="VAR">PersenTurun</field>
                                <value name="VALUE">
                                  <block type="math_arithmetic" id="lh~m-x@Bw=nW;lIU#3%S">
                                    <field name="OP">MULTIPLY</field>
                                    <value name="A">
                                      <shadow type="math_number" id="mqR7yS.^Pz~h#W?,bHD@">
                                        <field name="NUM">1</field>
                                      </shadow>
                                      <block type="math_single" id="0up6zWWRkJ9xyzkMy`y|">
                                        <field name="OP">ABS</field>
                                        <value name="NUM">
                                          <shadow type="math_number" id=";wVo9X/g0~*elF_9d@zB">
                                            <field name="NUM">9</field>
                                          </shadow>
                                          <block type="math_arithmetic" id="uCw+1.q/4A:x;*|e5dX~">
                                            <field name="OP">DIVIDE</field>
                                            <value name="A">
                                              <shadow type="math_number" id="Sd`/PV3kOgH:H;-^o3[B">
                                                <field name="NUM">1</field>
                                              </shadow>
                                              <block type="math_arithmetic" id="(Ec{q-;?^keD6f:QTMB4">
                                                <field name="OP">MINUS</field>
                                                <value name="A">
                                                  <shadow type="math_number" id=")8Y;SM?8|:N!_9rSymf9">
                                                    <field name="NUM">1</field>
                                                  </shadow>
                                                  <block type="variables_get" id="%hQaP@?a_z=rGnNP7(])">
                                                    <field name="VAR">BBMd</field>
                                                  </block>
                                                </value>
                                                <value name="B">
                                                  <shadow type="math_number" id="4eG:Hy0-mvnCO0h1fK[F">
                                                    <field name="NUM">1</field>
                                                  </shadow>
                                                  <block type="variables_get" id="-mH):EznH*yO|1ooG{}d">
                                                    <field name="VAR">EMA</field>
                                                  </block>
                                                </value>
                                              </block>
                                            </value>
                                            <value name="B">
                                              <shadow type="math_number" id="t(b4rYSo^3#Tfs+otczb">
                                                <field name="NUM">1</field>
                                              </shadow>
                                              <block type="variables_get" id="bvKx^s*l/w9NBgn-0K[^">
                                                <field name="VAR">EMA</field>
                                              </block>
                                            </value>
                                          </block>
                                        </value>
                                      </block>
                                    </value>
                                    <value name="B">
                                      <shadow type="math_number" id="K,wK`H{m(Fw(],R0beCf">
                                        <field name="NUM">100</field>
                                      </shadow>
                                    </value>
                                  </block>
                                </value>
                                <next>
                                  <block type="notify" id="N)Uo]TGq}oFRc+7iHlfq" disabled="true">
                                    <field name="NOTIFICATION_TYPE">warn</field>
                                    <field name="NOTIFICATION_SOUND">silent</field>
                                    <value name="MESSAGE">
                                      <shadow type="text" id="3,woU##sBcsh~I+IBwO;">
                                        <field name="TEXT">Bob</field>
                                      </shadow>
                                      <block type="text_join" id="G`UjbO@XLI+1yk=|4o_{">
                                        <mutation items="2"></mutation>
                                        <value name="ADD0">
                                          <block type="text" id="gR)Vd#(witV1%Llzq$Z4">
                                            <field name="TEXT">BB Midle :</field>
                                          </block>
                                        </value>
                                        <value name="ADD1">
                                          <block type="variables_get" id="C.k:kX+{|-|Mty}.jZ*H">
                                            <field name="VAR">BBMd</field>
                                          </block>
                                        </value>
                                      </block>
                                    </value>
                                    <next>
                                      <block type="notify" id="+lA8h(nX9K6u-7=znjSX">
                                        <field name="NOTIFICATION_TYPE">warn</field>
                                        <field name="NOTIFICATION_SOUND">silent</field>
                                        <value name="MESSAGE">
                                          <shadow type="text" id="yf8ya(2Ti]I/otNRMU8{">
                                            <field name="TEXT">Bob</field>
                                          </shadow>
                                          <block type="text_join" id="lCU+EWx{1_8a/0HDdz1S">
                                            <mutation items="2"></mutation>
                                            <value name="ADD0">
                                              <block type="text" id="v,WWgz58guH-yobn!%Ot">
                                                <field name="TEXT">Persen Turun :</field>
                                              </block>
                                            </value>
                                            <value name="ADD1">
                                              <block type="variables_get" id="4/o!bz|RAQcJg4,W.x5|">
                                                <field name="VAR">PersenTurun</field>
                                              </block>
                                            </value>
                                          </block>
                                        </value>
                                        <next>
                                          <block type="notify" id=":0kq$o*ShG0z@53*ra+X">
                                            <field name="NOTIFICATION_TYPE">warn</field>
                                            <field name="NOTIFICATION_SOUND">silent</field>
                                            <value name="MESSAGE">
                                              <shadow type="text" id="yf8ya(2Ti]I/otNRMU8{">
                                                <field name="TEXT">Bob</field>
                                              </shadow>
                                              <block type="text_join" id="LrZbF~Yy;T]F:6nC(RB#">
                                                <mutation items="2"></mutation>
                                                <value name="ADD0">
                                                  <block type="text" id="__K!XLS}z}Wa1,]^7c3b">
                                                    <field name="TEXT">Persen naik :</field>
                                                  </block>
                                                </value>
                                                <value name="ADD1">
                                                  <block type="variables_get" id="Y}B?8E-DY_C,D#;}e_1Q">
                                                    <field name="VAR">PersenNaik</field>
                                                  </block>
                                                </value>
                                              </block>
                                            </value>
                                            <next>
                                              <block type="controls_if" id="tT8G?g2DwtttU@/Kr$iw">
                                                <mutation elseif="1"></mutation>
                                                <value name="IF0">
                                                  <block type="logic_compare" id="bZ[8v9i}$;B1;=LwfnkQ">
                                                    <field name="OP">GT</field>
                                                    <value name="A">
                                                      <block type="variables_get" id="s/k/??fUjt43WTTEY|1J">
                                                        <field name="VAR">EMA</field>
                                                      </block>
                                                    </value>
                                                    <value name="B">
                                                      <block type="variables_get" id="k_{8OH4?hGy,UXAfPnR1">
                                                        <field name="VAR">BBMd</field>
                                                      </block>
                                                    </value>
                                                  </block>
                                                </value>
                                                <statement name="DO0">
                                                  <block type="controls_if" id="(C6P@Ciq4kMk@=|qi-iV">
                                                    <value name="IF0">
                                                      <block type="logic_compare" id="KE*$NK]Qby)U4vW58ule">
                                                        <field name="OP">GT</field>
                                                        <value name="A">
                                                          <block type="variables_get" id="mmz)_ZE%NfJe]2f%{#AS">
                                                            <field name="VAR">PersenNaik</field>
                                                          </block>
                                                        </value>
                                                        <value name="B">
                                                          <block type="math_number" id="@mN3|9wSoy^`HevEKVx2">
                                                            <field name="NUM">0.01</field>
                                                          </block>
                                                        </value>
                                                      </block>
                                                    </value>
                                                    <statement name="DO0">
                                                      <block type="notify" id="jnH6dk;Mr}%-f^[,HVvV">
                                                        <field name="NOTIFICATION_TYPE">info</field>
                                                        <field name="NOTIFICATION_SOUND">silent</field>
                                                        <value name="MESSAGE">
                                                          <shadow type="text" id="3,woU##sBcsh~I+IBwO;">
                                                            <field name="TEXT">Bob</field>
                                                          </shadow>
                                                          <block type="text_join" id="#ZRYZ-O@X!(cfPG(sYyR">
                                                            <mutation items="2"></mutation>
                                                            <value name="ADD0">
                                                              <block type="text" id="PvR=(9Mi4Q=Wm!^E^I{6">
                                                                <field name="TEXT">Trading PUT :</field>
                                                              </block>
                                                            </value>
                                                            <value name="ADD1">
                                                              <block type="variables_get" id="Q2DSMmODE9o@KvslSQ:C">
                                                                <field name="VAR">Modal</field>
                                                              </block>
                                                            </value>
                                                          </block>
                                                        </value>
                                                        <next>
                                                          <block type="purchase" id="3.[x@A^R!Z^nA*qqv*2,">
                                                            <field name="PURCHASE_LIST">PUT</field>
                                                          </block>
                                                        </next>
                                                      </block>
                                                    </statement>
                                                  </block>
                                                </statement>
                                                <value name="IF1">
                                                  <block type="logic_compare" id="V2/(anE!nYX7F*s#P[lQ">
                                                    <field name="OP">LT</field>
                                                    <value name="A">
                                                      <block type="variables_get" id=")X:=AYN)gp0;*k_r^!#5">
                                                        <field name="VAR">EMA</field>
                                                      </block>
                                                    </value>
                                                    <value name="B">
                                                      <block type="variables_get" id="}0,%K$^q5`x#JfnHU]r6">
                                                        <field name="VAR">BBMd</field>
                                                      </block>
                                                    </value>
                                                  </block>
                                                </value>
                                                <statement name="DO1">
                                                  <block type="controls_if" id="=xC;1)_Q`X1f=FE!]dU!">
                                                    <value name="IF0">
                                                      <block type="logic_compare" id="ZTM;]cc*CXsKp@qAn%TL">
                                                        <field name="OP">GT</field>
                                                        <value name="A">
                                                          <block type="variables_get" id="pSF6cKLIp3Ln*3e$RDIr">
                                                            <field name="VAR">PersenTurun</field>
                                                          </block>
                                                        </value>
                                                        <value name="B">
                                                          <block type="math_number" id="OzK@w]oTDk#^a~tfTHx]">
                                                            <field name="NUM">0.01</field>
                                                          </block>
                                                        </value>
                                                      </block>
                                                    </value>
                                                    <statement name="DO0">
                                                      <block type="notify" id="7u[N4:j_F[psd{mfmt5x">
                                                        <field name="NOTIFICATION_TYPE">info</field>
                                                        <field name="NOTIFICATION_SOUND">silent</field>
                                                        <value name="MESSAGE">
                                                          <shadow type="text" id="3,woU##sBcsh~I+IBwO;">
                                                            <field name="TEXT">Bob</field>
                                                          </shadow>
                                                          <block type="text_join" id="R%PLt3F9|#}zV!`2tgW%">
                                                            <mutation items="2"></mutation>
                                                            <value name="ADD0">
                                                              <block type="text" id="ef;pzbtNw/][0Rh}hhG@">
                                                                <field name="TEXT">Trading CALL :</field>
                                                              </block>
                                                            </value>
                                                            <value name="ADD1">
                                                              <block type="variables_get" id="(jcj0h=`?whcr;XZTwO@">
                                                                <field name="VAR">Modal</field>
                                                              </block>
                                                            </value>
                                                          </block>
                                                        </value>
                                                        <next>
                                                          <block type="purchase" id="|w[?fv5(l@RNgN^e|4hM">
                                                            <field name="PURCHASE_LIST">CALL</field>
                                                          </block>
                                                        </next>
                                                      </block>
                                                    </statement>
                                                  </block>
                                                </statement>
                                              </block>
                                            </next>
                                          </block>
                                        </next>
                                      </block>
                                    </next>
                                  </block>
                                </next>
                              </block>
                            </next>
                          </block>
                        </next>
                      </block>
                    </next>
                  </block>
                </next>
              </block>
            </next>
          </block>
        </next>
      </block>
    </statement>
  </block>
  <block type="after_purchase" id="D^Jz1^n=2vtZku1vBN@;" x="803" y="585">
    <statement name="AFTERPURCHASE_STACK">
      <block type="controls_if" id="0sU:/HGQN0b;-8EoN.Ps">
        <mutation else="1"></mutation>
        <value name="IF0">
          <block type="contract_check_result" id="Q*aFP`~L98OSF_J)uH.5">
            <field name="CHECK_RESULT">win</field>
          </block>
        </value>
        <statement name="DO0">
          <block type="variables_set" id="L|#QJz28i]j7~u00nwfm">
            <field name="VAR">Modal</field>
            <value name="VALUE">
              <block type="variables_get" id="*+/18/cfvBMZ``jwbJtV">
                <field name="VAR">ModalAwal</field>
              </block>
            </value>
            <next>
              <block type="variables_set" id="70Z$f=BuiOJ,TSwf5:M)">
                <field name="VAR">LossLevel</field>
                <value name="VALUE">
                  <block type="math_number" id="T#Slc/FA#U$::~MXGrD1">
                    <field name="NUM">0</field>
                  </block>
                </value>
              </block>
            </next>
          </block>
        </statement>
        <statement name="ELSE">
          <block type="variables_set" id="W_+R(P2PQ{l4A/^2TcnZ">
            <field name="VAR">LossLevel</field>
            <value name="VALUE">
              <block type="math_arithmetic" id="~,(j/tASX.cd;CCle*B5">
                <field name="OP">ADD</field>
                <value name="A">
                  <shadow type="math_number" id="VS}7u6cD%`5!3kMW5PYV">
                    <field name="NUM">1</field>
                  </shadow>
                  <block type="variables_get" id="F89{QhRsHf7PiU:L4w]F">
                    <field name="VAR">LossLevel</field>
                  </block>
                </value>
                <value name="B">
                  <shadow type="math_number" id="!y43R@*D.7cp}?n[TSYk">
                    <field name="NUM">1</field>
                  </shadow>
                  <block type="math_number" id="=Vy%1L)unP@_AcbuCV/l">
                    <field name="NUM">1</field>
                  </block>
                </value>
              </block>
            </value>
            <next>
              <block type="controls_if" id="L1tW44!!FM5cgf}~J!WU">
                <mutation else="1"></mutation>
                <value name="IF0">
                  <block type="logic_compare" id="DuVVd6|*Zi+v$`[7N.j0">
                    <field name="OP">EQ</field>
                    <value name="A">
                      <block type="variables_get" id="6^*vbzH6p]IW?ffPxM7^">
                        <field name="VAR">LossLevel</field>
                      </block>
                    </value>
                    <value name="B">
                      <block type="variables_get" id="W@=@E#a}hE9;HJg_0gCM">
                        <field name="VAR">MaxLoss</field>
                      </block>
                    </value>
                  </block>
                </value>
                <statement name="DO0">
                  <block type="variables_set" id="L]_I|}`A$|mXG:`FoFUM">
                    <field name="VAR">Modal</field>
                    <value name="VALUE">
                      <block type="variables_get" id="ri$L|}uj5W!UFyJ8T.#!">
                        <field name="VAR">ModalAwal</field>
                      </block>
                    </value>
                    <next>
                      <block type="variables_set" id="v+*^fKTh?}Hk1v)]9|84">
                        <field name="VAR">LossLevel</field>
                        <value name="VALUE">
                          <block type="math_number" id="U-n#EXtszS2jX5RX17+#">
                            <field name="NUM">0</field>
                          </block>
                        </value>
                      </block>
                    </next>
                  </block>
                </statement>
                <statement name="ELSE">
                  <block type="math_change" id="+XTDc]441[`gN]gli=x$">
                    <field name="VAR">Modal</field>
                    <value name="DELTA">
                      <shadow type="math_number" id="Vzsh.c1j/lD^^Rf77Y4,">
                        <field name="NUM">1</field>
                      </shadow>
                      <block type="math_arithmetic" id="+@b.Q)+X)3U[y6Lsn{nv">
                        <field name="OP">MULTIPLY</field>
                        <value name="A">
                          <shadow type="math_number" id="gh;C]vQNZ;FMnK@`c*`-">
                            <field name="NUM">1</field>
                          </shadow>
                          <block type="math_single" id="I62Me;;hT9!5cKL?I:~W">
                            <field name="OP">ABS</field>
                            <value name="NUM">
                              <shadow type="math_number" id=";wVo9X/g0~*elF_9d@zB">
                                <field name="NUM">9</field>
                              </shadow>
                              <block type="read_details" id="sWlx:U)jc;!B2w/P@0,z">
                                <field name="DETAIL_INDEX">4</field>
                              </block>
                            </value>
                          </block>
                        </value>
                        <value name="B">
                          <shadow type="math_number" id="wSg*U@QCKKrw].gCWYj{">
                            <field name="NUM">1.041</field>
                          </shadow>
                        </value>
                      </block>
                    </value>
                  </block>
                </statement>
              </block>
            </next>
          </block>
        </statement>
        <next>
          <block type="controls_if" id="3=YcTAY)sXmV$:M8o+7U">
            <mutation else="1"></mutation>
            <value name="IF0">
              <block type="logic_compare" id="4BEW)[1e8BYRA*/0}NI}">
                <field name="OP">GTE</field>
                <value name="A">
                  <block type="total_profit" id="QaA?w0b%K]AXnF0ad^Is"></block>
                </value>
                <value name="B">
                  <block type="variables_get" id="3gRskGl;6:26vGhFI:!-">
                    <field name="VAR">TargetProfit</field>
                  </block>
                </value>
              </block>
            </value>
            <statement name="DO0">
              <block type="notify" id="rcv%#@$DPIDGB!Ct5#XU">
                <field name="NOTIFICATION_TYPE">success</field>
                <field name="NOTIFICATION_SOUND">silent</field>
                <value name="MESSAGE">
                  <shadow type="text" id="3,woU##sBcsh~I+IBwO;">
                    <field name="TEXT">Bob</field>
                  </shadow>
                  <block type="text_join" id="5hzewP!1Rb,)BLOHx:hk">
                    <mutation items="2"></mutation>
                    <value name="ADD0">
                      <block type="text" id="pVS)TB?#y31+PoOAM|hS">
                        <field name="TEXT">Alhamdulilah Target Profit, </field>
                      </block>
                    </value>
                    <value name="ADD1">
                      <block type="total_profit" id="#X`vy4X2G{]NOKSg}!pL"></block>
                    </value>
                  </block>
                </value>
              </block>
            </statement>
            <statement name="ELSE">
              <block type="trade_again" id="c)S|KjoQdXc8l#J@5z3P"></block>
            </statement>
          </block>
        </next>
      </block>
    </statement>
  </block>
</xml>