﻿<xml xmlns="http://www.w3.org/1999/xhtml" collection="false">
  <block type="before_purchase" id="B/J@hYB1-i_9PJ+H~~u[" x="707" y="-170">
    <statement name="BEFOREPURCHASE_STACK">
      <block type="notify" id="+XCgGzUgrp*hx(0pZ7zr">
        <field name="NOTIFICATION_TYPE">success</field>
        <value name="MESSAGE">
          <block type="tick" id="|VeL)[Xe.g#9,kB(`u1l"></block>
        </value>
        <next>
          <block type="controls_if" id="WND_w#38R=@nQd%FTsa;">
            <mutation else="1"></mutation>
            <value name="IF0">
              <block type="logic_compare" id="SP?+[~aozTe[/k.%QB(,">
                <field name="OP">EQ</field>
                <value name="A">
                  <block type="variables_get" id="zYA]g=!TRUX?`ON)pRnj">
                    <field name="VAR">RS</field>
                  </block>
                </value>
                <value name="B">
                  <block type="math_number" id=";0)L_f;Q|Et_7bJZINpv">
                    <field name="NUM">0</field>
                  </block>
                </value>
              </block>
            </value>
            <statement name="DO0">
              <block type="purchase" id="UkV$K$UokeHX~=u-jsXT">
                <field name="PURCHASE_LIST">PUT</field>
              </block>
            </statement>
            <statement name="ELSE">
              <block type="controls_if" id="GTXx]|yUiA,Rdb_c-]4T">
                <value name="IF0">
                  <block type="logic_compare" id="^gaN7Q%*mxXhyh)rtV;E">
                    <field name="OP">EQ</field>
                    <value name="A">
                      <block type="variables_get" id="qe#p0L=.?bV]jYKZ8M@K">
                        <field name="VAR">RS</field>
                      </block>
                    </value>
                    <value name="B">
                      <block type="math_number" id="mTz:~=]uoTn4`,dlgiR)">
                        <field name="NUM">1</field>
                      </block>
                    </value>
                  </block>
                </value>
                <statement name="DO0">
                  <block type="purchase" id="YnrEzRQ7z)g;262x/zcU">
                    <field name="PURCHASE_LIST">CALL</field>
                  </block>
                </statement>
              </block>
            </statement>
          </block>
        </next>
      </block>
    </statement>
  </block>
  <block type="trade" id="trade" x="-51" y="-130">
    <statement name="SUBMARKET">
      <block type="variables_set" id="jc/mSH}WuXO!:niDE8dT">
        <field name="VAR">Next Trade Condition</field>
        <value name="VALUE">
          <block type="text" id="yWYb4Z*9wl9(+:L;:yE_">
            <field name="TEXT">Even</field>
          </block>
        </value>
        <next>
          <block type="variables_set" id="+`Rmy9A]FN3Zrz-Pk^hC">
            <field name="VAR">Max Acceptable Loss</field>
            <value name="VALUE">
              <block type="math_number" id="5),Co^^gBX`umJS2$AS5">
                <field name="NUM">27</field>
              </block>
            </value>
            <next>
              <block type="variables_set" id="X)]C^zXC,0LdD=8(iX/^">
                <field name="VAR">Expected Profit</field>
                <value name="VALUE">
                  <block type="math_number" id="iwOaGU%bvdTaPyh9HaGn">
                    <field name="NUM">50</field>
                  </block>
                </value>
                <next>
                  <block type="variables_set" id="z!L]O5,.V(O9j}^5ePh^">
                    <field name="VAR">Win Amount</field>
                    <value name="VALUE">
                      <block type="math_number" id="Kza%y1KL(OV3{7b)D$*U">
                        <field name="NUM">0.35</field>
                      </block>
                    </value>
                    <next>
                      <block type="variables_set" id="h(e;6EgBYq]Cx7s7qwMQ">
                        <field name="VAR">Initial Amount</field>
                        <value name="VALUE">
                          <block type="math_number" id="xvAb%`70*wlIw{cNqg)0">
                            <field name="NUM">0.35</field>
                          </block>
                        </value>
                        <next>
                          <block type="variables_set" id="4P2p15dGt)jxWNwKtp?r">
                            <field name="VAR">RS</field>
                            <value name="VALUE">
                              <block type="math_number" id="z]-{P,yeHihAd)b[P1a^">
                                <field name="NUM">0</field>
                              </block>
                            </value>
                            <next>
                              <block type="market" id="*M0xX,J{~b41P;pj{TC%">
                                <field name="MARKET_LIST">volidx</field>
                                <field name="SUBMARKET_LIST">random_index</field>
                                <field name="SYMBOL_LIST">R_100</field>
                                <field name="TRADETYPECAT_LIST">callput</field>
                                <field name="TRADETYPE_LIST">risefall</field>
                                <field name="TYPE_LIST">both</field>
                                <field name="CANDLEINTERVAL_LIST">60</field>
                                <field name="DURATIONTYPE_LIST">t</field>
                                <field name="PAYOUTTYPE_LIST">stake</field>
                                <field name="CURRENCY_LIST">USD</field>
                                <field name="RESTARTONERROR">FALSE</field>
                                <value name="DURATION">
                                  <block type="math_number" id="MJ;a49cJPkW1rMg1[2]H">
                                    <field name="NUM">5</field>
                                  </block>
                                </value>
                                <value name="AMOUNT">
                                  <block type="variables_get" id="d3ogFB^}OSZ;%jTB[_$,">
                                    <field name="VAR">Initial Amount</field>
                                  </block>
                                </value>
                              </block>
                            </next>
                          </block>
                        </next>
                      </block>
                    </next>
                  </block>
                </next>
              </block>
            </next>
          </block>
        </next>
      </block>
    </statement>
  </block>
  <block type="after_purchase" id="finish" x="574" y="286">
    <statement name="AFTERPURCHASE_STACK">
      <block type="controls_if" id="%@(f!*AdEFLsr!3OgGRm">
        <mutation else="1"></mutation>
        <value name="IF0">
          <block type="contract_check_result" id=":BL^MmsJ02#UKpQ48{^*">
            <field name="CHECK_RESULT">win</field>
          </block>
        </value>
        <statement name="DO0">
          <block type="variables_set" id="D(ZO{D)lA3-iiF]y!6!x">
            <field name="VAR">Initial Amount</field>
            <value name="VALUE">
              <block type="variables_get" id="Z9A+ZlHZIV.^tkAXEVco">
                <field name="VAR">Win Amount</field>
              </block>
            </value>
            <next>
              <block type="notify" id="0CPvA3`lf@Qx[ek{^V[y">
                <field name="NOTIFICATION_TYPE">success</field>
                <value name="MESSAGE">
                  <block type="text_join" id="}#lG|6v#h3a}q2JqY=$v">
                    <mutation items="2"></mutation>
                    <value name="ADD0">
                      <block type="text" id="3J^K2hCy.2g!jJdo}hH8">
                        <field name="TEXT">Won:</field>
                      </block>
                    </value>
                    <value name="ADD1">
                      <block type="read_details" id="?eO3`-cS%?ftQ.7kJAT3">
                        <field name="DETAIL_INDEX">4</field>
                      </block>
                    </value>
                  </block>
                </value>
              </block>
            </next>
          </block>
        </statement>
        <statement name="ELSE">
          <block type="math_change" id="x`$EMk22j5gni:inwaV%">
            <field name="VAR">Initial Amount</field>
            <value name="DELTA">
              <shadow type="math_number" id="N=Vo^MVz~/^(xt7Ag@8E">
                <field name="NUM">1</field>
              </shadow>
              <block type="math_arithmetic" id="ybrHyqE5`dPce5~:IM6X">
                <field name="OP">MULTIPLY</field>
                <value name="A">
                  <shadow type="math_number" id="ka8n8|Dugz,q5FkUjs`7">
                    <field name="NUM">1</field>
                  </shadow>
                  <block type="math_single" id="M+EqBr|L{ogw_9@9!IeC">
                    <field name="OP">ABS</field>
                    <value name="NUM">
                      <shadow type="math_number" id="GleSn`9j7Cm7/dqg}FIA">
                        <field name="NUM">9</field>
                      </shadow>
                      <block type="read_details" id="xD@GFm-6OUkKgj;FKMV/">
                        <field name="DETAIL_INDEX">4</field>
                      </block>
                    </value>
                  </block>
                </value>
                <value name="B">
                  <shadow type="math_number" id="{JXdZCp2%s=sfO@yN:n}">
                    <field name="NUM">1</field>
                  </shadow>
                  <block type="math_number" id="`5IvwZkPtPwqc9IW[kIc">
                    <field name="NUM">1.021</field>
                  </block>
                </value>
              </block>
            </value>
            <next>
              <block type="notify" id="Ehu]|xXGT`7FQm+T7d.x">
                <field name="NOTIFICATION_TYPE">warn</field>
                <value name="MESSAGE">
                  <block type="text_join" id="]EMN%A~bIm;o(z2VK|=N">
                    <mutation items="2"></mutation>
                    <value name="ADD0">
                      <block type="text" id="*aZ4UaY)gMFIX]~i-yno">
                        <field name="TEXT">Lost: </field>
                      </block>
                    </value>
                    <value name="ADD1">
                      <block type="math_single" id="iGI33:%7T@Q9F3Q$cj/d">
                        <field name="OP">ABS</field>
                        <value name="NUM">
                          <shadow type="math_number" id="GleSn`9j7Cm7/dqg}FIA">
                            <field name="NUM">9</field>
                          </shadow>
                          <block type="read_details" id="/R4%(Bkmq@1{v=)3~+`K">
                            <field name="DETAIL_INDEX">4</field>
                          </block>
                        </value>
                      </block>
                    </value>
                  </block>
                </value>
                <next>
                  <block type="controls_if" id="G6Mx~IJXY)V?Ti(|L8|*">
                    <mutation else="1"></mutation>
                    <value name="IF0">
                      <block type="logic_compare" id="{gpw_[wdbTwrE,hB,$Lm">
                        <field name="OP">EQ</field>
                        <value name="A">
                          <block type="variables_get" id="hW{6%NKs;.AYmT.9^s5v">
                            <field name="VAR">RS</field>
                          </block>
                        </value>
                        <value name="B">
                          <block type="math_number" id="L_VHTxB]^o[EZ@=xgZp]">
                            <field name="NUM">0</field>
                          </block>
                        </value>
                      </block>
                    </value>
                    <statement name="DO0">
                      <block type="variables_set" id="akWkZ~unS`^I@fdAfn2i">
                        <field name="VAR">RS</field>
                        <value name="VALUE">
                          <block type="math_number" id="g1Tn(yfk4C*!sJiJ$!eT">
                            <field name="NUM">1</field>
                          </block>
                        </value>
                      </block>
                    </statement>
                    <statement name="ELSE">
                      <block type="controls_if" id=";1JRrmXtb(nE`%y/e{z?">
                        <value name="IF0">
                          <block type="logic_compare" id="X;HIP?q82^hK:?LrFn5B">
                            <field name="OP">EQ</field>
                            <value name="A">
                              <block type="variables_get" id="s{1ZJF/K~EK4H#5~}OY1">
                                <field name="VAR">RS</field>
                              </block>
                            </value>
                            <value name="B">
                              <block type="math_number" id="uR|WQ1/0SUG3Sh0LihgC">
                                <field name="NUM">1</field>
                              </block>
                            </value>
                          </block>
                        </value>
                        <statement name="DO0">
                          <block type="variables_set" id="3YYsnZIo!Oq]-jRB[0bD">
                            <field name="VAR">RS</field>
                            <value name="VALUE">
                              <block type="math_number" id="z|j06tUCpC;JqWt41dpa">
                                <field name="NUM">0</field>
                              </block>
                            </value>
                          </block>
                        </statement>
                      </block>
                    </statement>
                  </block>
                </next>
              </block>
            </next>
          </block>
        </statement>
        <next>
          <block type="controls_if" id="bljyhb4a@w3]7L_X$N=q">
            <mutation else="1"></mutation>
            <value name="IF0">
              <block type="logic_compare" id="gStcOpn{DtAda6HTkDQ#">
                <field name="OP">LT</field>
                <value name="A">
                  <block type="total_profit" id="^qkz9?|]4UUz$`|t![*Z"></block>
                </value>
                <value name="B">
                  <block type="variables_get" id="*0Xpq5!QbX~?[@}Xe;C=">
                    <field name="VAR">Expected Profit</field>
                  </block>
                </value>
              </block>
            </value>
            <statement name="DO0">
              <block type="controls_if" id="s+Dt4T~D;?fugJoM2PJA">
                <mutation else="1"></mutation>
                <value name="IF0">
                  <block type="logic_operation" id="`0nfcrJ`.Pm2n0z96G8H">
                    <field name="OP">OR</field>
                    <value name="A">
                      <block type="logic_operation" id="9jpE.-|$Ne$(|QX-X7Ja">
                        <field name="OP">AND</field>
                        <value name="A">
                          <block type="math_number_property" id="yW1^m!z(h%;m}Vfe#r@^">
                            <mutation divisor_input="false"></mutation>
                            <field name="PROPERTY">NEGATIVE</field>
                            <value name="NUMBER_TO_CHECK">
                              <shadow type="math_number" id="2TJ^lPjT8MrR^:6Ghug=">
                                <field name="NUM">0</field>
                              </shadow>
                              <block type="total_profit" id="uqlDU#QMdm-s]jyv]$B#"></block>
                            </value>
                          </block>
                        </value>
                        <value name="B">
                          <block type="logic_compare" id="mrZXmIf1M3D#D?y=JbT?">
                            <field name="OP">GTE</field>
                            <value name="A">
                              <block type="math_single" id="fw)cikPK0d%U_O_!`*UO">
                                <field name="OP">ABS</field>
                                <value name="NUM">
                                  <shadow type="math_number" id="(rCiW:kP-Kx+n[/lS.n{">
                                    <field name="NUM">9</field>
                                  </shadow>
                                  <block type="total_profit" id="G[25$kY~T~gCVfYR+0gT"></block>
                                </value>
                              </block>
                            </value>
                            <value name="B">
                              <block type="variables_get" id="kMaqW~2,vwv=ESaSZV8W">
                                <field name="VAR">Max Acceptable Loss</field>
                              </block>
                            </value>
                          </block>
                        </value>
                      </block>
                    </value>
                    <value name="B">
                      <block type="logic_compare" id="x$X?aNpw#]6`NVLoDnM*">
                        <field name="OP">LTE</field>
                        <value name="A">
                          <block type="read_details" id="4qX9V=,B:eNyw/+7eV..">
                            <field name="DETAIL_INDEX">4</field>
                          </block>
                        </value>
                        <value name="B">
                          <block type="math_number" id="Sb{.H4E3!85}/ltdAUsG">
                            <field name="NUM">-2.89</field>
                          </block>
                        </value>
                      </block>
                    </value>
                  </block>
                </value>
                <statement name="DO0">
                  <block type="text_print" id="w)%XO;j+]VD#{kutSvq6">
                    <value name="TEXT">
                      <shadow type="text" id="kqlrIk.GO.^}hI,PoUV)">
                        <field name="TEXT">abc</field>
                      </shadow>
                      <block type="text_join" id="Y%{~:Z*N#mhP5Z)(-!,]">
                        <mutation items="2"></mutation>
                        <value name="ADD0">
                          <block type="text" id="xxDOlcC*5Ij3xtDe[zSH">
                            <field name="TEXT">Error: Plese Stop Bot Now</field>
                          </block>
                        </value>
                        <value name="ADD1">
                          <block type="total_profit" id="ODI.3F/u`oXRdxL_Y%AQ"></block>
                        </value>
                      </block>
                    </value>
                  </block>
                </statement>
                <statement name="ELSE">
                  <block type="trade_again" id="_J5RlpXTDvfcbs@E]CG/"></block>
                </statement>
              </block>
            </statement>
            <statement name="ELSE">
              <block type="text_print" id=";Gwl3qT.as8tn:v}{s$7">
                <value name="TEXT">
                  <shadow type="text" id="kqlrIk.GO.^}hI,PoUV)">
                    <field name="TEXT">abc</field>
                  </shadow>
                  <block type="text_join" id="kLlp~0NJA3hldjAL_2_`">
                    <mutation items="2"></mutation>
                    <value name="ADD0">
                      <block type="text" id="f]b=[+~?`}f#|hOLQ-h}">
                        <field name="TEXT">Total Profit :</field>
                      </block>
                    </value>
                    <value name="ADD1">
                      <block type="total_profit" id="hT;0;RzYFvIv2(2sG9wx"></block>
                    </value>
                  </block>
                </value>
              </block>
            </statement>
            <next>
              <block type="trade_again" id="62}VF2z%(/+#jUwR#-)r"></block>
            </next>
          </block>
        </next>
      </block>
    </statement>
  </block>
  <block type="during_purchase" id="CIMQQ-mCQ$*|d@4B@.U$" x="0" y="1632"></block>
</xml>