﻿<xml xmlns="http://www.w3.org/1999/xhtml" collection="false">
  <variables>
    <variable type="" id="J*tQFy$b1?G$im:yY)Lr">_Target_Profit_</variable>
    <variable type="" id="KGW]$Md6L~70**8X4+!m">_Stop_Loss_</variable>
    <variable type="" id="W*gf.uzX%3Mi5,Il=jck">_First_Stake_</variable>
    <variable type="" id="bho$}hizEwEB|)uduGGj">_Martingale_Factor_</variable>
    <variable type="" id="f.W0+M!c3T^ZKW+qL/M`">_Martingale_Level_</variable>
    <variable type="" id="(-l*fQ5sBcvl0G,U7:ei">_Martingale_Start_After_</variable>
    <variable type="" id="31KT^S{T]|qIe~v~(~:w">put [Result is Win] here</variable>
    <variable type="" id=";-^R3A.$coR@Of;p]Sr*">put [Contract Detail : profit] here</variable>
    <variable type="" id="laKlu3kl)Sr6VF1!Mn8n">profit</variable>
    <variable type="" id=")3n8*V,jMAr7-.}x]]4V">Continue</variable>
    <variable type="" id="tyNNyq$;C*g=^U3v(~CN">_stake</variable>
    <variable type="" id="zHPOI|1YaVuS0Kg;C,6`">BAR</variable>
    <variable type="" id="k8atFbeMH6r;Y~Oj]3a~">Spot</variable>
    <variable type="" id="$scJgJp]sYNK}+jIq2r:">FirstStake</variable>
    <variable type="" id=".*BWU_W9,3#aR$8}%^EA">positive</variable>
    <variable type="" id="hFc0d%uwml#3(IF%8L|%">negative</variable>
    <variable type="" id="N0qIh;5W,5;MOc5j:jSx">Durasi</variable>
    <variable type="" id="Xerz?ek#e^n/t%.8t.T6">Contract Type</variable>
    <variable type="" id="zP;VMLFy6jALe(rwQ={+">TargetProfit</variable>
    <variable type="" id="_ei,+eye{XvB-%@E2klC">win_count</variable>
    <variable type="" id="[(5,SU)Cn0/ts.-/F?]?">loss_count</variable>
    <variable type="" id="=Q!{Cv$YL8lOZltMKiIg">Num of loss</variable>
    <variable type="" id="ggajA7~`rx[/+az1D~FB">Stoploss</variable>
    <variable type="" id="3/XTp/6`#2H+%r#z7_}e">MartiLossLevel</variable>
    <variable type="" id="4{234n$e8j:HY?u0WmVh">Jumlah Lose</variable>
    <variable type="" id="D:dF`9c,}|8PB2#xrRO+">MartiFactor</variable>
    <variable type="" id="i@|dYjJD~`81K3lI3$ph">loss_level</variable>
    <variable type="" id="4CE%1/C.ai-W|mo[O1;l">Slos</variable>
    <variable type="" id="21umSqyqV@ZE#H!%SoWB">MartiStart</variable>
    <variable type="" id="7SUg-GwJ4=h;-=eC@(Bf">last result</variable>
  </variables>
  <block type="procedures_defnoreturn" id="}a,@Z2+P7P;,a3rB*+Zc" collapsed="true" x="0" y="0">
    <mutation>
      <arg name="_Target_Profit_" varid="J*tQFy$b1?G$im:yY)Lr"></arg>
      <arg name="_Stop_Loss_" varid="KGW]$Md6L~70**8X4+!m"></arg>
      <arg name="_First_Stake_" varid="W*gf.uzX%3Mi5,Il=jck"></arg>
      <arg name="_Martingale_Factor_" varid="bho$}hizEwEB|)uduGGj"></arg>
      <arg name="_Martingale_Level_" varid="f.W0+M!c3T^ZKW+qL/M`"></arg>
      <arg name="_Martingale_Start_After_" varid="(-l*fQ5sBcvl0G,U7:ei"></arg>
    </mutation>
    <field name="NAME">(1) MPSU's Management</field>
    <comment pinned="false" h="80" w="160">FRUITFELLA's Management ver. 3.0</comment>
    <statement name="STACK">
      <block type="notify" id="G7~wRrfg?9}gSh#czLzG" collapsed="true">
        <field name="NOTIFICATION_TYPE">info</field>
        <field name="NOTIFICATION_SOUND">silent</field>
        <value name="MESSAGE">
          <block type="text" id="3GWKvKtkV`vSfzxdrUt=">
            <field name="TEXT">MPSU's Martingale ver. 3.0</field>
          </block>
        </value>
        <next>
          <block type="variables_set" id="FK4u?paD9^I-!5Ai)Jjl" collapsed="true">
            <field name="VAR" id="$scJgJp]sYNK}+jIq2r:" variabletype="">FirstStake</field>
            <value name="VALUE">
              <block type="variables_get" id="?mfNzA`8peRWy,e~svE0">
                <field name="VAR" id="W*gf.uzX%3Mi5,Il=jck" variabletype="">_First_Stake_</field>
              </block>
            </value>
            <next>
              <block type="variables_set" id="6?YL[uBR,$:+Z.j;Kti(" collapsed="true">
                <field name="VAR" id="tyNNyq$;C*g=^U3v(~CN" variabletype="">_stake</field>
                <value name="VALUE">
                  <block type="variables_get" id="TR`xGTpoI16iZ/$}H/4z">
                    <field name="VAR" id="W*gf.uzX%3Mi5,Il=jck" variabletype="">_First_Stake_</field>
                  </block>
                </value>
                <next>
                  <block type="variables_set" id="snPg/%U^oi}xnFjCE]IU" collapsed="true">
                    <field name="VAR" id="zP;VMLFy6jALe(rwQ={+" variabletype="">TargetProfit</field>
                    <value name="VALUE">
                      <block type="variables_get" id="K1Woch)cO11X:{raUI]Y">
                        <field name="VAR" id="J*tQFy$b1?G$im:yY)Lr" variabletype="">_Target_Profit_</field>
                      </block>
                    </value>
                    <next>
                      <block type="variables_set" id="FH65,OQ3n?21Hv.c60QZ" collapsed="true">
                        <field name="VAR" id="ggajA7~`rx[/+az1D~FB" variabletype="">Stoploss</field>
                        <value name="VALUE">
                          <block type="math_single" id="~RqJiX@$dbDTn56tX~(!">
                            <field name="OP">NEG</field>
                            <value name="NUM">
                              <shadow type="math_number" id=":*O0u?1~mablmyFH9nQ^">
                                <field name="NUM">9</field>
                              </shadow>
                              <block type="math_single" id="Fc7b(_3%H~X(pjboD3g4">
                                <field name="OP">ABS</field>
                                <value name="NUM">
                                  <shadow type="math_number" id="KJyX:Z7HpG+zVVn[[$5L">
                                    <field name="NUM">9</field>
                                  </shadow>
                                  <block type="variables_get" id="r7!OjfMm)T_)D++HZ*u0">
                                    <field name="VAR" id="KGW]$Md6L~70**8X4+!m" variabletype="">_Stop_Loss_</field>
                                  </block>
                                </value>
                              </block>
                            </value>
                          </block>
                        </value>
                        <next>
                          <block type="variables_set" id=",Qt{5W:S090vgVGe@=^b" collapsed="true">
                            <field name="VAR" id="3/XTp/6`#2H+%r#z7_}e" variabletype="">MartiLossLevel</field>
                            <value name="VALUE">
                              <block type="variables_get" id="TJ$1?4QP1~b0Y)u8Er,?">
                                <field name="VAR" id="f.W0+M!c3T^ZKW+qL/M`" variabletype="">_Martingale_Level_</field>
                              </block>
                            </value>
                            <next>
                              <block type="variables_set" id="F7E,GI03fZ-!.sSi8nvu" collapsed="true">
                                <field name="VAR" id="D:dF`9c,}|8PB2#xrRO+" variabletype="">MartiFactor</field>
                                <value name="VALUE">
                                  <block type="variables_get" id="5QnPe]lP**xA=obEC:rR">
                                    <field name="VAR" id="bho$}hizEwEB|)uduGGj" variabletype="">_Martingale_Factor_</field>
                                  </block>
                                </value>
                                <next>
                                  <block type="variables_set" id="BIbY[H2x_K8WYS^Wn`U!" collapsed="true">
                                    <field name="VAR" id="21umSqyqV@ZE#H!%SoWB" variabletype="">MartiStart</field>
                                    <value name="VALUE">
                                      <block type="variables_get" id="87M[Cp[!`k{t[TOy_L?e">
                                        <field name="VAR" id="(-l*fQ5sBcvl0G,U7:ei" variabletype="">_Martingale_Start_After_</field>
                                      </block>
                                    </value>
                                    <next>
                                      <block type="variables_set" id="MlN8XJW]z%Nn$vX!fwUC">
                                        <field name="VAR" id="laKlu3kl)Sr6VF1!Mn8n" variabletype="">profit</field>
                                        <value name="VALUE">
                                          <block type="math_number" id="AXE:PR%~GtPn!J;zVdU4">
                                            <field name="NUM">0</field>
                                          </block>
                                        </value>
                                        <next>
                                          <block type="variables_set" id="/V`@3MI!XOl2iQu8)MRG">
                                            <field name="VAR" id="_ei,+eye{XvB-%@E2klC" variabletype="">win_count</field>
                                            <value name="VALUE">
                                              <block type="math_number" id="@uMNRq7*h6CpK{OL*`1;">
                                                <field name="NUM">0</field>
                                              </block>
                                            </value>
                                            <next>
                                              <block type="variables_set" id="*_wi!@b$%T/+ip`iQtD|">
                                                <field name="VAR" id="[(5,SU)Cn0/ts.-/F?]?" variabletype="">loss_count</field>
                                                <value name="VALUE">
                                                  <block type="math_number" id="@6~ol6rGo)hiSc:6#V1^">
                                                    <field name="NUM">0</field>
                                                  </block>
                                                </value>
                                                <next>
                                                  <block type="variables_set" id="6hiRA01::q+6xm.mhYk}">
                                                    <field name="VAR" id="i@|dYjJD~`81K3lI3$ph" variabletype="">loss_level</field>
                                                    <value name="VALUE">
                                                      <block type="math_number" id="cs!D-m]M+4^%Uv=SwMP%">
                                                        <field name="NUM">0</field>
                                                      </block>
                                                    </value>
                                                  </block>
                                                </next>
                                              </block>
                                            </next>
                                          </block>
                                        </next>
                                      </block>
                                    </next>
                                  </block>
                                </next>
                              </block>
                            </next>
                          </block>
                        </next>
                      </block>
                    </next>
                  </block>
                </next>
              </block>
            </next>
          </block>
        </next>
      </block>
    </statement>
  </block>
  <block type="procedures_defreturn" id="=78^x1,M_K`EPoWP8B#4" collapsed="true" x="0" y="53">
    <mutation>
      <arg name="put [Result is Win] here" varid="31KT^S{T]|qIe~v~(~:w"></arg>
      <arg name="put [Contract Detail : profit] here" varid=";-^R3A.$coR@Of;p]Sr*"></arg>
    </mutation>
    <field name="NAME">(4) MPSU Trade again</field>
    <comment pinned="false" h="80" w="160">FRUITFELLA's Management ver. 3.0</comment>
    <statement name="STACK">
      <block type="math_change" id="5mMvn7#-6MC#=J5k3?PV" collapsed="true">
        <field name="VAR" id="laKlu3kl)Sr6VF1!Mn8n" variabletype="">profit</field>
        <value name="DELTA">
          <shadow type="math_number" id="!`~mJ[ITS6N=uY[f!Jo%">
            <field name="NUM">1</field>
          </shadow>
          <block type="variables_get" id=".j]ZF3LWu9*=.nIi9(Gp">
            <field name="VAR" id=";-^R3A.$coR@Of;p]Sr*" variabletype="">put [Contract Detail : profit] here</field>
          </block>
        </value>
        <next>
          <block type="variables_set" id="Ntd8/neg-yW_~sW%z8Jm" collapsed="true">
            <field name="VAR" id="laKlu3kl)Sr6VF1!Mn8n" variabletype="">profit</field>
            <value name="VALUE">
              <block type="math_arithmetic" id="OonVVD66.u7{{wXOy]D)">
                <field name="OP">DIVIDE</field>
                <value name="A">
                  <shadow type="math_number" id="BJLl,k}i_-.}(X^0Rt%[">
                    <field name="NUM">1</field>
                  </shadow>
                  <block type="math_round" id="F4bqA@k.0Pxp]j99~T|@">
                    <field name="OP">ROUND</field>
                    <value name="NUM">
                      <shadow type="math_number" id="enW;6`Y#VQ8j3,1ir3KU">
                        <field name="NUM">3.1</field>
                      </shadow>
                      <block type="math_arithmetic" id="Su++(AeXbX,`P::$9IIG">
                        <field name="OP">MULTIPLY</field>
                        <value name="A">
                          <shadow type="math_number" id="}kZ5|+fH9G83t.$we7~]">
                            <field name="NUM">1</field>
                          </shadow>
                          <block type="variables_get" id="^][hS|MfVLhwa~_,U~fK">
                            <field name="VAR" id="laKlu3kl)Sr6VF1!Mn8n" variabletype="">profit</field>
                          </block>
                        </value>
                        <value name="B">
                          <shadow type="math_number" id=".H#}U`Qa_N#b^$I9(Vh2">
                            <field name="NUM">100</field>
                          </shadow>
                        </value>
                      </block>
                    </value>
                  </block>
                </value>
                <value name="B">
                  <shadow type="math_number" id="ytnd8Z:12vFa*j,jpfx`">
                    <field name="NUM">100</field>
                  </shadow>
                </value>
              </block>
            </value>
            <next>
              <block type="controls_if" id="2haL5s765kSl{T~T5Z^k">
                <mutation else="1"></mutation>
                <value name="IF0">
                  <block type="variables_get" id="j0Q0xvW7M*PhQfuf|p-$">
                    <field name="VAR" id="31KT^S{T]|qIe~v~(~:w" variabletype="">put [Result is Win] here</field>
                  </block>
                </value>
                <statement name="DO0">
                  <block type="math_change" id="B_t!T1WWGTt2L#=XAq$4">
                    <field name="VAR" id="_ei,+eye{XvB-%@E2klC" variabletype="">win_count</field>
                    <value name="DELTA">
                      <shadow type="math_number" id="1~)C)c$Zi*p]5Jddfgq_">
                        <field name="NUM">1</field>
                      </shadow>
                    </value>
                    <next>
                      <block type="variables_set" id="aPRpWycsb.n=U#B:fTZD">
                        <field name="VAR" id="[(5,SU)Cn0/ts.-/F?]?" variabletype="">loss_count</field>
                        <value name="VALUE">
                          <block type="math_number" id="wo=CHjiCccmpWlCo@aA[">
                            <field name="NUM">0</field>
                          </block>
                        </value>
                        <next>
                          <block type="variables_set" id="LC75k*LDcS-{XNrO$Vgg">
                            <field name="VAR" id="tyNNyq$;C*g=^U3v(~CN" variabletype="">_stake</field>
                            <value name="VALUE">
                              <block type="variables_get" id="4Yg%mKmDs{,~WL~;oa%e">
                                <field name="VAR" id="$scJgJp]sYNK}+jIq2r:" variabletype="">FirstStake</field>
                              </block>
                            </value>
                          </block>
                        </next>
                      </block>
                    </next>
                  </block>
                </statement>
                <statement name="ELSE">
                  <block type="math_change" id="(6=+$/+DEbysDWc])WBD">
                    <field name="VAR" id="[(5,SU)Cn0/ts.-/F?]?" variabletype="">loss_count</field>
                    <value name="DELTA">
                      <shadow type="math_number" id="[W_X?#)Dv,gm)Ff#:8T8">
                        <field name="NUM">1</field>
                      </shadow>
                    </value>
                    <next>
                      <block type="variables_set" id="V*^dRX_0}whp$+CPNq{x">
                        <field name="VAR" id="_ei,+eye{XvB-%@E2klC" variabletype="">win_count</field>
                        <value name="VALUE">
                          <block type="math_number" id="8M!%N2:W2r1cS=tvBqxM">
                            <field name="NUM">0</field>
                          </block>
                        </value>
                        <next>
                          <block type="controls_if" id="-2K^5T@7olg3M6J%I4$B">
                            <value name="IF0">
                              <block type="logic_compare" id="ChDetwZuo;cU6yL{-B{A">
                                <field name="OP">GT</field>
                                <value name="A">
                                  <block type="variables_get" id=".Y*ozIy;+ADs#R8Coh6G">
                                    <field name="VAR" id="[(5,SU)Cn0/ts.-/F?]?" variabletype="">loss_count</field>
                                  </block>
                                </value>
                                <value name="B">
                                  <block type="variables_get" id="CL]-YIRi^FOdkf{MohQ|">
                                    <field name="VAR" id="i@|dYjJD~`81K3lI3$ph" variabletype="">loss_level</field>
                                  </block>
                                </value>
                              </block>
                            </value>
                            <statement name="DO0">
                              <block type="variables_set" id="1@C;LXDelk94-)4~K`n=">
                                <field name="VAR" id="i@|dYjJD~`81K3lI3$ph" variabletype="">loss_level</field>
                                <value name="VALUE">
                                  <block type="variables_get" id="Ea|:QN:u+Rt[V_J6|1G+">
                                    <field name="VAR" id="[(5,SU)Cn0/ts.-/F?]?" variabletype="">loss_count</field>
                                  </block>
                                </value>
                              </block>
                            </statement>
                            <next>
                              <block type="controls_if" id="?*0^p~(7r2d3-T7z81hI">
                                <value name="IF0">
                                  <block type="logic_compare" id=")y{t.fO)Lb.Zcrs5V4kc">
                                    <field name="OP">GT</field>
                                    <value name="A">
                                      <block type="variables_get" id="xSlsjibK)miodTkmM%GI">
                                        <field name="VAR" id="3/XTp/6`#2H+%r#z7_}e" variabletype="">MartiLossLevel</field>
                                      </block>
                                    </value>
                                    <value name="B">
                                      <block type="math_number" id="+{rz6u4h%JKj:-4yvC+#">
                                        <field name="NUM">0</field>
                                      </block>
                                    </value>
                                  </block>
                                </value>
                                <statement name="DO0">
                                  <block type="controls_if" id="|~H{~C=_%yzL(L+Ih?6=">
                                    <value name="IF0">
                                      <block type="logic_operation" id="{01rxUq[%FxUb9PE.!UA">
                                        <field name="OP">AND</field>
                                        <value name="A">
                                          <block type="logic_compare" id="x]ZySsjj1^93Zd(-iWh#">
                                            <field name="OP">GT</field>
                                            <value name="A">
                                              <block type="variables_get" id="4c9GWE)n3Ot}n[:HT;,P">
                                                <field name="VAR" id="21umSqyqV@ZE#H!%SoWB" variabletype="">MartiStart</field>
                                              </block>
                                            </value>
                                            <value name="B">
                                              <block type="math_number" id="m`.{:5r,BBM8qV)#goY?">
                                                <field name="NUM">0</field>
                                              </block>
                                            </value>
                                          </block>
                                        </value>
                                        <value name="B">
                                          <block type="logic_compare" id="XWUrB+iXH{$8H{G.pj]P">
                                            <field name="OP">GTE</field>
                                            <value name="A">
                                              <block type="variables_get" id="96)hM+J+rW1h/2CiCNV=">
                                                <field name="VAR" id="[(5,SU)Cn0/ts.-/F?]?" variabletype="">loss_count</field>
                                              </block>
                                            </value>
                                            <value name="B">
                                              <block type="variables_get" id="1ghuM[;g9B!OkEk|Jq-+">
                                                <field name="VAR" id="21umSqyqV@ZE#H!%SoWB" variabletype="">MartiStart</field>
                                              </block>
                                            </value>
                                          </block>
                                        </value>
                                      </block>
                                    </value>
                                    <statement name="DO0">
                                      <block type="controls_if" id="Xod]f!9?Cp7s`^TCco:[">
                                        <mutation else="1"></mutation>
                                        <value name="IF0">
                                          <block type="logic_compare" id="3,rl=}wztcTxR`uL/^v*">
                                            <field name="OP">LTE</field>
                                            <value name="A">
                                              <block type="variables_get" id="C1`8WB-bd[X1Ih%.BVH=">
                                                <field name="VAR" id="[(5,SU)Cn0/ts.-/F?]?" variabletype="">loss_count</field>
                                              </block>
                                            </value>
                                            <value name="B">
                                              <block type="variables_get" id="YCU-oD11NiMjpns6K|J_">
                                                <field name="VAR" id="3/XTp/6`#2H+%r#z7_}e" variabletype="">MartiLossLevel</field>
                                              </block>
                                            </value>
                                          </block>
                                        </value>
                                        <statement name="DO0">
                                          <block type="math_change" id=")x3(])A|!w=FlJ}Z*aKI">
                                            <field name="VAR" id="tyNNyq$;C*g=^U3v(~CN" variabletype="">_stake</field>
                                            <value name="DELTA">
                                              <shadow type="math_number" id="iOY0jJ`9*c:I2Hd:QJ_Y">
                                                <field name="NUM">1</field>
                                              </shadow>
                                              <block type="math_arithmetic" id="K/wo]$5[Ba#a7evooV~F">
                                                <field name="OP">MULTIPLY</field>
                                                <value name="A">
                                                  <shadow type="math_number" id="}P^(EoAZ-YU-MS4SDvmg">
                                                    <field name="NUM">1</field>
                                                  </shadow>
                                                  <block type="variables_get" id="0%H*qOjo3?RAmRO$2U/-">
                                                    <field name="VAR" id="tyNNyq$;C*g=^U3v(~CN" variabletype="">_stake</field>
                                                  </block>
                                                </value>
                                                <value name="B">
                                                  <shadow type="math_number" id="/LcPg[ufeL@.EuFQjyeY">
                                                    <field name="NUM">1</field>
                                                  </shadow>
                                                  <block type="variables_get" id="4GqI7Qc3mqsKGEJKSnT3">
                                                    <field name="VAR" id="D:dF`9c,}|8PB2#xrRO+" variabletype="">MartiFactor</field>
                                                  </block>
                                                </value>
                                              </block>
                                            </value>
                                          </block>
                                        </statement>
                                        <statement name="ELSE">
                                          <block type="notify" id="#5H3/1qD}yohz+9b*G+6">
                                            <field name="NOTIFICATION_TYPE">info</field>
                                            <field name="NOTIFICATION_SOUND">silent</field>
                                            <value name="MESSAGE">
                                              <block type="text" id="y8VYir#xh^o24B^w@-%r">
                                                <field name="TEXT">[M] Martingale reset</field>
                                              </block>
                                            </value>
                                            <next>
                                              <block type="variables_set" id="hg/UOO#$+B8Il2Lz:Nv}">
                                                <field name="VAR" id="tyNNyq$;C*g=^U3v(~CN" variabletype="">_stake</field>
                                                <value name="VALUE">
                                                  <block type="variables_get" id="ubl$r:9]5M{I8+vX;PP/">
                                                    <field name="VAR" id="$scJgJp]sYNK}+jIq2r:" variabletype="">FirstStake</field>
                                                  </block>
                                                </value>
                                              </block>
                                            </next>
                                          </block>
                                        </statement>
                                      </block>
                                    </statement>
                                  </block>
                                </statement>
                              </block>
                            </next>
                          </block>
                        </next>
                      </block>
                    </next>
                  </block>
                </statement>
                <next>
                  <block type="variables_set" id="Ii~,V*I}==%{VbzSUcNW">
                    <field name="VAR" id=")3n8*V,jMAr7-.}x]]4V" variabletype="">Continue</field>
                    <value name="VALUE">
                      <block type="logic_boolean" id="IJrFVDwIh9*V/-*GcP3$">
                        <field name="BOOL">FALSE</field>
                      </block>
                    </value>
                    <next>
                      <block type="controls_if" id="?t=R4#bB1Ph_eG%)U{Zq">
                        <mutation elseif="1" else="1"></mutation>
                        <value name="IF0">
                          <block type="logic_compare" id="n(-qX6sIpX~Fo[1%T`a]">
                            <field name="OP">GTE</field>
                            <value name="A">
                              <block type="variables_get" id="pRRkIZW;yZXTP,Ec2#%7">
                                <field name="VAR" id="laKlu3kl)Sr6VF1!Mn8n" variabletype="">profit</field>
                              </block>
                            </value>
                            <value name="B">
                              <block type="variables_get" id=".J0l4%b9|`DFbsS4y+@b">
                                <field name="VAR" id="zP;VMLFy6jALe(rwQ={+" variabletype="">TargetProfit</field>
                              </block>
                            </value>
                          </block>
                        </value>
                        <statement name="DO0">
                          <block type="text_print" id="fQK[F8W}8)x=k0Y$nDnR" collapsed="true">
                            <value name="TEXT">
                              <shadow type="text" id="dJ4OA.-2N8i,6Qy7r!J|">
                                <field name="TEXT">abc</field>
                              </shadow>
                              <block type="text_join" id="Whtg8.!W#_q;bm-PSDK(">
                                <mutation items="2"></mutation>
                                <value name="ADD0">
                                  <block type="text" id=")|MP_xd~9oo!y10?cM;O">
                                    <field name="TEXT">Take profit $</field>
                                  </block>
                                </value>
                                <value name="ADD1">
                                  <block type="variables_get" id="tp=nlW)P|8TI#JCR-R`Z">
                                    <field name="VAR" id="laKlu3kl)Sr6VF1!Mn8n" variabletype="">profit</field>
                                  </block>
                                </value>
                              </block>
                            </value>
                          </block>
                        </statement>
                        <value name="IF1">
                          <block type="logic_compare" id="wqaUuu5;d0qWr@A9R8Uv">
                            <field name="OP">LTE</field>
                            <value name="A">
                              <block type="variables_get" id="iJUy9eQ?_qq:Fx#e:!;)">
                                <field name="VAR" id="laKlu3kl)Sr6VF1!Mn8n" variabletype="">profit</field>
                              </block>
                            </value>
                            <value name="B">
                              <block type="variables_get" id="?=LuB)pGx9NhJuh30YA+">
                                <field name="VAR" id="ggajA7~`rx[/+az1D~FB" variabletype="">Stoploss</field>
                              </block>
                            </value>
                          </block>
                        </value>
                        <statement name="DO1">
                          <block type="text_print" id="+fc,,fh/fwUH3nhoFc3f" collapsed="true">
                            <value name="TEXT">
                              <shadow type="text" id="dJ4OA.-2N8i,6Qy7r!J|">
                                <field name="TEXT">abc</field>
                              </shadow>
                              <block type="text_join" id="]gq4NH~_PD.#^!q#_{UN">
                                <mutation items="2"></mutation>
                                <value name="ADD0">
                                  <block type="text" id="T~7).e8^W6THQjOa6c:v">
                                    <field name="TEXT">Stop loss (profit/loss) $</field>
                                  </block>
                                </value>
                                <value name="ADD1">
                                  <block type="variables_get" id="e~X%5c6eC?N6h}{GYA2o">
                                    <field name="VAR" id="laKlu3kl)Sr6VF1!Mn8n" variabletype="">profit</field>
                                  </block>
                                </value>
                              </block>
                            </value>
                          </block>
                        </statement>
                        <statement name="ELSE">
                          <block type="controls_if" id="g`8h+Pq;/Z=wuJIIBr`Z">
                            <mutation else="1"></mutation>
                            <value name="IF0">
                              <block type="logic_compare" id="Q}%H((m|!LOeIVHKxGbv">
                                <field name="OP">GT</field>
                                <value name="A">
                                  <block type="variables_get" id="V$I5(R=s}FQh708v+Vm#">
                                    <field name="VAR" id="laKlu3kl)Sr6VF1!Mn8n" variabletype="">profit</field>
                                  </block>
                                </value>
                                <value name="B">
                                  <block type="math_number" id="$W;*/?A}DM!.(x;-wpFE">
                                    <field name="NUM">0</field>
                                  </block>
                                </value>
                              </block>
                            </value>
                            <statement name="DO0">
                              <block type="notify" id="]7Cq=rQ1D00M},$ck5=;">
                                <field name="NOTIFICATION_TYPE">info</field>
                                <field name="NOTIFICATION_SOUND">silent</field>
                                <value name="MESSAGE">
                                  <block type="text_join" id="So,=5m|b]84g6aQ`jzah">
                                    <mutation items="6"></mutation>
                                    <value name="ADD0">
                                      <block type="text" id="Ww6Utk^Ce:2M^1:IbEYq">
                                        <field name="TEXT">[M] Total profit $ </field>
                                      </block>
                                    </value>
                                    <value name="ADD1">
                                      <block type="variables_get" id="-zUe!0X+$J)uWJg7w-Fc">
                                        <field name="VAR" id="laKlu3kl)Sr6VF1!Mn8n" variabletype="">profit</field>
                                      </block>
                                    </value>
                                    <value name="ADD2">
                                      <block type="text" id="G3TZRjfZwb?/vG!DnT-p">
                                        <field name="TEXT"> || Loss Level </field>
                                      </block>
                                    </value>
                                    <value name="ADD3">
                                      <block type="variables_get" id="WYfM1_eJld$zj?B0ZM/j">
                                        <field name="VAR" id="i@|dYjJD~`81K3lI3$ph" variabletype="">loss_level</field>
                                      </block>
                                    </value>
                                    <value name="ADD4">
                                      <block type="text" id="WEGot82rEmQ0!.2Uk-jj">
                                        <field name="TEXT"> || Loss Count </field>
                                      </block>
                                    </value>
                                    <value name="ADD5">
                                      <block type="variables_get" id="xFl$)$6){r3_`5XW`biS">
                                        <field name="VAR" id="[(5,SU)Cn0/ts.-/F?]?" variabletype="">loss_count</field>
                                      </block>
                                    </value>
                                  </block>
                                </value>
                              </block>
                            </statement>
                            <statement name="ELSE">
                              <block type="notify" id="8QOsp0}TU)_%#dE?4He!">
                                <field name="NOTIFICATION_TYPE">warn</field>
                                <field name="NOTIFICATION_SOUND">silent</field>
                                <value name="MESSAGE">
                                  <block type="text_join" id="L/vB,K]@s{!9Qx^s!Pl-">
                                    <mutation items="6"></mutation>
                                    <value name="ADD0">
                                      <block type="text" id="Z`|]KLN43:/oO3eh43%/">
                                        <field name="TEXT">[M] Total loss $ </field>
                                      </block>
                                    </value>
                                    <value name="ADD1">
                                      <block type="variables_get" id="C5)f7$5$O{Y)n.G6Q;Pt">
                                        <field name="VAR" id="laKlu3kl)Sr6VF1!Mn8n" variabletype="">profit</field>
                                      </block>
                                    </value>
                                    <value name="ADD2">
                                      <block type="text" id="N{K7$tD$F$~C4BDS,.p%">
                                        <field name="TEXT"> || Loss Level </field>
                                      </block>
                                    </value>
                                    <value name="ADD3">
                                      <block type="variables_get" id=")Uaa(R~.]e.pd[?8cnj?">
                                        <field name="VAR" id="i@|dYjJD~`81K3lI3$ph" variabletype="">loss_level</field>
                                      </block>
                                    </value>
                                    <value name="ADD4">
                                      <block type="text" id="emB3SZnkebI:XD]F#x@7">
                                        <field name="TEXT"> || Loss Count </field>
                                      </block>
                                    </value>
                                    <value name="ADD5">
                                      <block type="variables_get" id="~$f~AKl6NjBpX4$y+W/8">
                                        <field name="VAR" id="[(5,SU)Cn0/ts.-/F?]?" variabletype="">loss_count</field>
                                      </block>
                                    </value>
                                  </block>
                                </value>
                              </block>
                            </statement>
                            <next>
                              <block type="variables_set" id="o88-OoU#i@|Gn^I[1rf1">
                                <field name="VAR" id=")3n8*V,jMAr7-.}x]]4V" variabletype="">Continue</field>
                                <value name="VALUE">
                                  <block type="logic_boolean" id="exXi?*3Wu(`Gl$s6cDU[">
                                    <field name="BOOL">TRUE</field>
                                  </block>
                                </value>
                              </block>
                            </next>
                          </block>
                        </statement>
                      </block>
                    </next>
                  </block>
                </next>
              </block>
            </next>
          </block>
        </next>
      </block>
    </statement>
    <value name="RETURN">
      <block type="variables_get" id="`QS.RAQ`zLWY(L^,u`~t">
        <field name="VAR" id=")3n8*V,jMAr7-.}x]]4V" variabletype="">Continue</field>
      </block>
    </value>
  </block>
  <block type="procedures_defreturn" id="e_)Y1VUG^rh/`U,=QkZS" collapsed="true" x="0" y="106">
    <field name="NAME">MPSU's stake</field>
    <comment pinned="false" h="80" w="160">FRUITFELLA's Management ver. 3.0</comment>
    <value name="RETURN">
      <block type="variables_get" id="34Z3O=w8Bfue%Isf=:h8">
        <field name="VAR" id="tyNNyq$;C*g=^U3v(~CN" variabletype="">_stake</field>
      </block>
    </value>
  </block>
  <block type="trade" id="73vWdDagX-YhN)CtN.3D" x="0" y="159">
    <field name="MARKET_LIST">volidx</field>
    <field name="SUBMARKET_LIST">random_index</field>
    <field name="SYMBOL_LIST">R_100</field>
    <field name="TRADETYPECAT_LIST">callput</field>
    <field name="TRADETYPE_LIST">higherlower</field>
    <field name="TYPE_LIST">both</field>
    <field name="CANDLEINTERVAL_LIST">60</field>
    <field name="TIME_MACHINE_ENABLED">FALSE</field>
    <field name="RESTARTONERROR">TRUE</field>
    <statement name="INITIALIZATION">
      <block type="variables_set" id="(XgLb6{@0^]:!*U}+je6">
        <field name="VAR" id="zHPOI|1YaVuS0Kg;C,6`" variabletype="">BAR</field>
        <value name="VALUE">
          <block type="text" id="W40iM.Uohq$W(fl~Bd2`">
            <field name="TEXT">positive</field>
          </block>
        </value>
        <next>
          <block type="variables_set" id="m.1QNllqntv}5@3solO}">
            <field name="VAR" id=".*BWU_W9,3#aR$8}%^EA" variabletype="">positive</field>
            <value name="VALUE">
              <block type="variables_get" id="?E(qW[ciY@4@Vv,po7EI">
                <field name="VAR" id=".*BWU_W9,3#aR$8}%^EA" variabletype="">positive</field>
              </block>
            </value>
            <next>
              <block type="variables_set" id="x@a[6NU(A29mJ2*TT=-V">
                <field name="VAR" id="hFc0d%uwml#3(IF%8L|%" variabletype="">negative</field>
                <value name="VALUE">
                  <block type="variables_get" id="+[WtMV|lR5ckR({)qM$/">
                    <field name="VAR" id="hFc0d%uwml#3(IF%8L|%" variabletype="">negative</field>
                  </block>
                </value>
                <next>
                  <block type="variables_set" id="V!_j,%Tg_r/wO6]w8LP1">
                    <field name="VAR" id="N0qIh;5W,5;MOc5j:jSx" variabletype="">Durasi</field>
                    <value name="VALUE">
                      <block type="math_number" id="0~gua1gPZ#[},O@Qmy{d">
                        <field name="NUM">5</field>
                      </block>
                    </value>
                    <next>
                      <block type="variables_set" id="6v!@?*xZA~*U{SuB=T[N">
                        <field name="VAR" id="Xerz?ek#e^n/t%.8t.T6" variabletype="">Contract Type</field>
                        <value name="VALUE">
                          <block type="text" id="4^!Tx5_|Of5,0r})/9^d">
                            <field name="TEXT">Call</field>
                          </block>
                        </value>
                        <next>
                          <block type="procedures_callnoreturn" id="YJsGjN1W^RHJM.*6t01U">
                            <mutation name="(1) MPSU's Management">
                              <arg name="_Target_Profit_"></arg>
                              <arg name="_Stop_Loss_"></arg>
                              <arg name="_First_Stake_"></arg>
                              <arg name="_Martingale_Factor_"></arg>
                              <arg name="_Martingale_Level_"></arg>
                              <arg name="_Martingale_Start_After_"></arg>
                            </mutation>
                            <value name="ARG0">
                              <block type="math_number" id="pr^kbSP9DpBQUR*wYmiN">
                                <field name="NUM">1000</field>
                              </block>
                            </value>
                            <value name="ARG1">
                              <block type="math_number" id="wa4fAQl05D^}eVZMSh//">
                                <field name="NUM">150</field>
                              </block>
                            </value>
                            <value name="ARG2">
                              <block type="math_number" id="4gmE|st{^{Ezikh_rgOw">
                                <field name="NUM">0.35</field>
                              </block>
                            </value>
                            <value name="ARG3">
                              <block type="math_number" id="^WHD0nu~%vi:op^L=CEA">
                                <field name="NUM">0.95</field>
                              </block>
                            </value>
                            <value name="ARG4">
                              <block type="math_number" id="D-!tVMk7}{kC%4QsI%oQ">
                                <field name="NUM">15</field>
                              </block>
                            </value>
                            <value name="ARG5">
                              <block type="math_number" id="Uu;CG0+e!5|$!QGdk?rb">
                                <field name="NUM">1</field>
                              </block>
                            </value>
                          </block>
                        </next>
                      </block>
                    </next>
                  </block>
                </next>
              </block>
            </next>
          </block>
        </next>
      </block>
    </statement>
    <statement name="SUBMARKET">
      <block type="controls_if" id="aHf;8]pXa=$B/?W0]*Z#">
        <mutation else="1"></mutation>
        <value name="IF0">
          <block type="logic_compare" id="-S@3h+6XN1DgQkcbpYd~">
            <field name="OP">EQ</field>
            <value name="A">
              <block type="variables_get" id="K@OiONJ~1.#:o?{;B*c;">
                <field name="VAR" id="zHPOI|1YaVuS0Kg;C,6`" variabletype="">BAR</field>
              </block>
            </value>
            <value name="B">
              <block type="text" id="T5O#9_ETDK//Rn1[X-X_">
                <field name="TEXT">positive</field>
              </block>
            </value>
          </block>
        </value>
        <statement name="DO0">
          <block type="tradeOptions" id="x=V33~4Lb|(sLv`J[:Eb">
            <field name="DURATIONTYPE_LIST">t</field>
            <field name="CURRENCY_LIST">USD</field>
            <field name="BARRIEROFFSETTYPE_LIST">+</field>
            <value name="DURATION">
              <shadow type="math_number" id="O*@58sDc=!cOO}*b2vf9">
                <field name="NUM">5</field>
              </shadow>
              <block type="variables_get" id="Qy:t?.sQ=@g8+RtR}YiN">
                <field name="VAR" id="N0qIh;5W,5;MOc5j:jSx" variabletype="">Durasi</field>
              </block>
            </value>
            <value name="AMOUNT">
              <shadow type="math_number" id="ml)25~7^q}3I9}vjf:%K">
                <field name="NUM">1</field>
              </shadow>
              <block type="procedures_callreturn" id="rH!yYKEI*_wF-wH;b!a^">
                <mutation name="MPSU's stake"></mutation>
              </block>
            </value>
            <value name="BARRIEROFFSET">
              <block type="math_number" id="C=@1I!F`|n]IyzB,roin">
                <field name="NUM">1</field>
              </block>
            </value>
          </block>
        </statement>
        <statement name="ELSE">
          <block type="tradeOptions" id="2KqzgyOR`at(IOH7,Xqh">
            <field name="DURATIONTYPE_LIST">t</field>
            <field name="CURRENCY_LIST">USD</field>
            <field name="BARRIEROFFSETTYPE_LIST">-</field>
            <value name="DURATION">
              <shadow type="math_number" id=".gl4Mx%:![gJ8:[#j_7Y">
                <field name="NUM">5</field>
              </shadow>
              <block type="variables_get" id="WCUsKtC+CQpS_DY_=@~J">
                <field name="VAR" id="N0qIh;5W,5;MOc5j:jSx" variabletype="">Durasi</field>
              </block>
            </value>
            <value name="AMOUNT">
              <shadow type="math_number" id="mic=K`Ro31}FIw)E?7YF">
                <field name="NUM">1</field>
              </shadow>
              <block type="procedures_callreturn" id="A{X%bs?9#!ffJ?d2)kYE">
                <mutation name="MPSU's stake"></mutation>
              </block>
            </value>
            <value name="BARRIEROFFSET">
              <block type="math_number" id="7,xASHOdZJ#c;.FX7MHp">
                <field name="NUM">1</field>
              </block>
            </value>
          </block>
        </statement>
      </block>
    </statement>
  </block>
  <block type="before_purchase" id="tOc)]Xd=cAm0aiy+-8(8" x="0" y="1108">
    <statement name="BEFOREPURCHASE_STACK">
      <block type="controls_if" id="i^y1-),y7~|#4?F~nZ_|">
        <mutation else="1"></mutation>
        <value name="IF0">
          <block type="logic_compare" id="!WkMU~7t-BaX/6mu`-0^">
            <field name="OP">EQ</field>
            <value name="A">
              <block type="variables_get" id="nFY.TxN+a_J`Np?^d:2c">
                <field name="VAR" id="Xerz?ek#e^n/t%.8t.T6" variabletype="">Contract Type</field>
              </block>
            </value>
            <value name="B">
              <block type="text" id="2,4_9}MD6ZJ9Io([N~c;">
                <field name="TEXT">Call</field>
              </block>
            </value>
          </block>
        </value>
        <statement name="DO0">
          <block type="controls_if" id=",OPyMhmSkE`+w-m.;pRD">
            <value name="IF0">
              <block type="check_direction" id="^4nunw76,?t$2ZSIM,d4">
                <field name="CHECK_DIRECTION">fall</field>
              </block>
            </value>
            <statement name="DO0">
              <block type="purchase" id="Q;`vp48|v7pG%t@W6`uQ">
                <field name="PURCHASE_LIST">CALL</field>
              </block>
            </statement>
          </block>
        </statement>
        <statement name="ELSE">
          <block type="controls_if" id="Q88H^NtVsv@#@oO7Xg~^">
            <value name="IF0">
              <block type="check_direction" id="LP9d?#w(t$[JDXfwC6yO">
                <field name="CHECK_DIRECTION">rise</field>
              </block>
            </value>
            <statement name="DO0">
              <block type="purchase" id="@5$RB6|F?Ws{|s)a6(3k">
                <field name="PURCHASE_LIST">PUT</field>
              </block>
            </statement>
          </block>
        </statement>
      </block>
    </statement>
  </block>
  <block type="after_purchase" id="Vt,CkLeK8E?%BmnB`~M)" collapsed="true" x="0" y="1414">
    <statement name="AFTERPURCHASE_STACK">
      <block type="controls_if" id="D=0]XddOH;H~T.`NBy*j">
        <mutation else="1"></mutation>
        <value name="IF0">
          <block type="contract_check_result" id="(|K=TCCSFRNgx(]JTfVN">
            <field name="CHECK_RESULT">win</field>
          </block>
        </value>
        <statement name="DO0">
          <block type="controls_if" id="fG1j!B+B8bAJ8Rj3U!0O">
            <mutation else="1"></mutation>
            <value name="IF0">
              <block type="logic_compare" id="z,s:Vr(_B73Qwq3mxGRu">
                <field name="OP">EQ</field>
                <value name="A">
                  <block type="variables_get" id="F/L01FwI1[qggKxUnL5K">
                    <field name="VAR" id="Xerz?ek#e^n/t%.8t.T6" variabletype="">Contract Type</field>
                  </block>
                </value>
                <value name="B">
                  <block type="text" id="[FO{HnybD[B|F|ZLLhis">
                    <field name="TEXT">Call</field>
                  </block>
                </value>
              </block>
            </value>
            <statement name="DO0">
              <block type="variables_set" id="0sCvlXJ#7p/pX]9t$Zb3">
                <field name="VAR" id="Xerz?ek#e^n/t%.8t.T6" variabletype="">Contract Type</field>
                <value name="VALUE">
                  <block type="text" id="6BaPJaRno.ec,u%8-}6Y">
                    <field name="TEXT">Call</field>
                  </block>
                </value>
              </block>
            </statement>
            <statement name="ELSE">
              <block type="variables_set" id="HkiRB|]557..H|-^vMaY">
                <field name="VAR" id="Xerz?ek#e^n/t%.8t.T6" variabletype="">Contract Type</field>
                <value name="VALUE">
                  <block type="text" id="?@:[55JYmJi7mEY1vEs_">
                    <field name="TEXT">Put</field>
                  </block>
                </value>
              </block>
            </statement>
            <next>
              <block type="controls_if" id="b778~Cnp)F}B~RmLzl#1">
                <mutation else="1"></mutation>
                <value name="IF0">
                  <block type="logic_compare" id="egX.UKn{k,|`8$:?CLIK">
                    <field name="OP">EQ</field>
                    <value name="A">
                      <block type="variables_get" id="P?[ipC(3V0B#v}cVc5sp">
                        <field name="VAR" id="Xerz?ek#e^n/t%.8t.T6" variabletype="">Contract Type</field>
                      </block>
                    </value>
                    <value name="B">
                      <block type="text" id="2IM}pdo_~5QgRVH=`v|n">
                        <field name="TEXT">Put</field>
                      </block>
                    </value>
                  </block>
                </value>
                <statement name="DO0">
                  <block type="variables_set" id="8V$b)=syyJ^My`UD}xzK">
                    <field name="VAR" id="Xerz?ek#e^n/t%.8t.T6" variabletype="">Contract Type</field>
                    <value name="VALUE">
                      <block type="text" id="{m2!5+L@t0||[|=5,KA~">
                        <field name="TEXT">Call</field>
                      </block>
                    </value>
                  </block>
                </statement>
                <statement name="ELSE">
                  <block type="variables_set" id="a?#jG2$qmx[5jJ55iFN|">
                    <field name="VAR" id="Xerz?ek#e^n/t%.8t.T6" variabletype="">Contract Type</field>
                    <value name="VALUE">
                      <block type="text" id=";IQtIl/vbot|`$+Ze}C0">
                        <field name="TEXT">Call</field>
                      </block>
                    </value>
                  </block>
                </statement>
                <next>
                  <block type="notify" id="pbz`j~x36.%@rv7P3ruK">
                    <field name="NOTIFICATION_TYPE">success</field>
                    <field name="NOTIFICATION_SOUND">earned-money</field>
                    <value name="MESSAGE">
                      <shadow type="text" id="5iY9Iko5S6LQ2)9aC+:x">
                        <field name="TEXT">abc</field>
                      </shadow>
                      <block type="text_join" id="=2MVkKD]cd$vpL,R=xL2">
                        <mutation items="2"></mutation>
                        <value name="ADD0">
                          <block type="text" id="5y8@?#k2gxyPB4JZ}gF.">
                            <field name="TEXT"></field>
                          </block>
                        </value>
                        <value name="ADD1">
                          <block type="read_details" id=";]SN@8eaYleey#}MC/$S">
                            <field name="DETAIL_INDEX">4</field>
                          </block>
                        </value>
                      </block>
                    </value>
                  </block>
                </next>
              </block>
            </next>
          </block>
        </statement>
        <statement name="ELSE">
          <block type="notify" id="BvZa0K[P#.Mtk3g^@lF8">
            <field name="NOTIFICATION_TYPE">warn</field>
            <field name="NOTIFICATION_SOUND">severe-error</field>
            <value name="MESSAGE">
              <shadow type="text" id="5iY9Iko5S6LQ2)9aC+:x">
                <field name="TEXT">abc</field>
              </shadow>
              <block type="text_join" id=")aM}6YJCsL[Abn=7SghT">
                <mutation items="2"></mutation>
                <value name="ADD0">
                  <block type="text" id="`Bk!|bnvgK=LAfkqnnKk">
                    <field name="TEXT"></field>
                  </block>
                </value>
                <value name="ADD1">
                  <block type="read_details" id="z!4hbJ]|w|V}XC}-]nY1">
                    <field name="DETAIL_INDEX">4</field>
                  </block>
                </value>
              </block>
            </value>
            <next>
              <block type="controls_if" id="QT84b;w5SMvlDia$/j0_">
                <mutation else="1"></mutation>
                <value name="IF0">
                  <block type="logic_compare" id="f7%R#(s_1)KW%0SIQ*y{">
                    <field name="OP">EQ</field>
                    <value name="A">
                      <block type="variables_get" id="R1T;/xzUDf`+Ml|=E,Pt">
                        <field name="VAR" id="=Q!{Cv$YL8lOZltMKiIg" variabletype="">Num of loss</field>
                      </block>
                    </value>
                    <value name="B">
                      <block type="math_number" id="NLq*#4+x%?6nrAylgXEF">
                        <field name="NUM">1</field>
                      </block>
                    </value>
                  </block>
                </value>
                <statement name="DO0">
                  <block type="variables_set" id="]n?SJKADA9^/$c6{OWTd">
                    <field name="VAR" id="=Q!{Cv$YL8lOZltMKiIg" variabletype="">Num of loss</field>
                    <value name="VALUE">
                      <block type="math_number" id="OHt6BT=@;tS+=BN%RE~l">
                        <field name="NUM">0</field>
                      </block>
                    </value>
                    <next>
                      <block type="controls_if" id="1-c,VlN:,{n1.F271)z.">
                        <mutation else="1"></mutation>
                        <value name="IF0">
                          <block type="logic_compare" id="gxiH0*@=TH*=X8}I4~99">
                            <field name="OP">EQ</field>
                            <value name="A">
                              <block type="variables_get" id="oJph;:)i1!I_WB0WcIXe">
                                <field name="VAR" id="Xerz?ek#e^n/t%.8t.T6" variabletype="">Contract Type</field>
                              </block>
                            </value>
                            <value name="B">
                              <block type="text" id="8,_RxM0Mz5s4IB8=I|YI">
                                <field name="TEXT">Call</field>
                              </block>
                            </value>
                          </block>
                        </value>
                        <statement name="DO0">
                          <block type="variables_set" id="NqLuJB2Ie+-fc%JKw[9s">
                            <field name="VAR" id="Xerz?ek#e^n/t%.8t.T6" variabletype="">Contract Type</field>
                            <value name="VALUE">
                              <block type="text" id="@?@7V9GA}$A%hK#uEmq|">
                                <field name="TEXT">Put</field>
                              </block>
                            </value>
                          </block>
                        </statement>
                        <statement name="ELSE">
                          <block type="variables_set" id="D7Gd;Qbdxw6C|V-UBB7?">
                            <field name="VAR" id="Xerz?ek#e^n/t%.8t.T6" variabletype="">Contract Type</field>
                            <value name="VALUE">
                              <block type="text" id="QH4m()a)1|soCbiE]$wx">
                                <field name="TEXT">Call</field>
                              </block>
                            </value>
                          </block>
                        </statement>
                        <next>
                          <block type="variables_set" id="lyqbhTyr`{Z=yreG@%]M">
                            <field name="VAR" id="4{234n$e8j:HY?u0WmVh" variabletype="">Jumlah Lose</field>
                            <value name="VALUE">
                              <block type="math_arithmetic" id=":`|68qB+S3eNIR:ewPTr">
                                <field name="OP">ADD</field>
                                <value name="A">
                                  <shadow type="math_number" id="?A065qW|.kqk+)QyCGuy">
                                    <field name="NUM">1</field>
                                  </shadow>
                                  <block type="variables_get" id="|N#@m/#(fWqQ~iwm]KpO">
                                    <field name="VAR" id="4{234n$e8j:HY?u0WmVh" variabletype="">Jumlah Lose</field>
                                  </block>
                                </value>
                                <value name="B">
                                  <shadow type="math_number" id="RuEo33aI95:Yg:qx%!Wi">
                                    <field name="NUM">1</field>
                                  </shadow>
                                </value>
                              </block>
                            </value>
                            <next>
                              <block type="variables_set" id="18aZfUBJihWHgi}e?OOx">
                                <field name="VAR" id="4CE%1/C.ai-W|mo[O1;l" variabletype="">Slos</field>
                                <value name="VALUE">
                                  <block type="logic_boolean" id="J`nC^L_P5omAXEnpVT73">
                                    <field name="BOOL">TRUE</field>
                                  </block>
                                </value>
                                <next>
                                  <block type="variables_set" id="^[yUda[S5,DprWu2IHbi">
                                    <field name="VAR" id="7SUg-GwJ4=h;-=eC@(Bf" variabletype="">last result</field>
                                    <value name="VALUE">
                                      <block type="text" id="CwP?%]ygL2-aYO;j#)Y^">
                                        <field name="TEXT">LOSS</field>
                                      </block>
                                    </value>
                                  </block>
                                </next>
                              </block>
                            </next>
                          </block>
                        </next>
                      </block>
                    </next>
                  </block>
                </statement>
                <statement name="ELSE">
                  <block type="math_change" id="Fxjy3Mkl8mN+tB5D,~B#">
                    <field name="VAR" id="=Q!{Cv$YL8lOZltMKiIg" variabletype="">Num of loss</field>
                    <value name="DELTA">
                      <shadow type="math_number" id="#$3_u/nFUyy?SNpBxZy.">
                        <field name="NUM">1</field>
                      </shadow>
                    </value>
                  </block>
                </statement>
              </block>
            </next>
          </block>
        </statement>
        <next>
          <block type="controls_if" id="4XD0.Vwm|^Dpu0l7G#dG">
            <value name="IF0">
              <block type="procedures_callreturn" id="JMaQ33hUqNXLhL{A#hMa">
                <mutation name="(4) MPSU Trade again">
                  <arg name="put [Result is Win] here"></arg>
                  <arg name="put [Contract Detail : profit] here"></arg>
                </mutation>
                <value name="ARG0">
                  <block type="contract_check_result" id="4/v}S=eURVQ|agkdHS6P">
                    <field name="CHECK_RESULT">win</field>
                  </block>
                </value>
                <value name="ARG1">
                  <block type="read_details" id="rG^)PQQuMiXl}9H~I,v9">
                    <field name="DETAIL_INDEX">4</field>
                  </block>
                </value>
              </block>
            </value>
            <statement name="DO0">
              <block type="trade_again" id="5i016@ZsTA+LUBw,],+i"></block>
            </statement>
          </block>
        </next>
      </block>
    </statement>
  </block>
  <block type="tick_analysis" id="(UVm6%fe.iI8;6NY~=t]" collapsed="true" x="0" y="1467">
    <statement name="TICKANALYSIS_STACK">
      <block type="variables_set" id="qv!7djMv2J`e5AKe*!(w">
        <field name="VAR" id="k8atFbeMH6r;Y~Oj]3a~" variabletype="">Spot</field>
        <value name="VALUE">
          <block type="tick" id="gV#~+M7P$#:6gv6:pGK-"></block>
        </value>
        <next>
          <block type="controls_if" id="Q{X(fgyeLmHdTH/Ujni]">
            <mutation else="1"></mutation>
            <value name="IF0">
              <block type="check_direction" id="}1ED5d?$zx^P$0?Bap(^">
                <field name="CHECK_DIRECTION">rise</field>
              </block>
            </value>
            <statement name="DO0">
              <block type="notify" id="}m@H3RjvL1pM~!.7Dv;Y">
                <field name="NOTIFICATION_TYPE">success</field>
                <field name="NOTIFICATION_SOUND">job-done</field>
                <value name="MESSAGE">
                  <shadow type="text" id="D%WeJ.PYc?%e]Jw%dPg$">
                    <field name="TEXT">abc</field>
                  </shadow>
                  <block type="variables_get" id="=sD!zc1LcH:K5%ej0-1[">
                    <field name="VAR" id="k8atFbeMH6r;Y~Oj]3a~" variabletype="">Spot</field>
                  </block>
                </value>
              </block>
            </statement>
            <statement name="ELSE">
              <block type="controls_if" id="uZe3Diy#$_CTH[d}=ncA">
                <value name="IF0">
                  <block type="check_direction" id="`G$T/#m[f}8Xi.O6n+OR">
                    <field name="CHECK_DIRECTION">fall</field>
                  </block>
                </value>
                <statement name="DO0">
                  <block type="notify" id="J_|UBx@^#d{{)*ozfy)[">
                    <field name="NOTIFICATION_TYPE">error</field>
                    <field name="NOTIFICATION_SOUND">error</field>
                    <value name="MESSAGE">
                      <shadow type="text" id="D%WeJ.PYc?%e]Jw%dPg$">
                        <field name="TEXT">abc</field>
                      </shadow>
                      <block type="variables_get" id=",Pdum,NrEB.T)6Jo9+X#">
                        <field name="VAR" id="k8atFbeMH6r;Y~Oj]3a~" variabletype="">Spot</field>
                      </block>
                    </value>
                  </block>
                </statement>
              </block>
            </statement>
          </block>
        </next>
      </block>
    </statement>
  </block>
</xml>