﻿<xml xmlns="http://www.w3.org/1999/xhtml" collection="false">
  <variables>
    <variable type="" id="o}Ltg{#X1B~U=D*v-{qa">[fld] How many ticks?</variable>
    <variable type="" id="JJue!^r;3y1ga%esrzCp">[fld] Market</variable>
    <variable type="" id="/!t16t.O{(0%Soc2sQ|T">[fld] Ticks List</variable>
    <variable type="" id="P-ZRT7h[86=^!b_*70pK">martingale:resultIsWin</variable>
    <variable type="" id="2`lrdPZC#d92tx_8%}N,">martingale:profit</variable>
    <variable type="" id="sLSekLzS#xi[spo70K_w">item</variable>
    <variable type="" id="d6`I^hxRNJf$Qv.WZ0wg">fld:LastDigitList</variable>
    <variable type="" id="]3l/$6[wT_qQYkEg,h`-">PASSWORD</variable>
    <variable type="" id=".7N0p6E,$_:w$]XEn_g%">fld:SelectedTicks</variable>
    <variable type="" id="9KW89i(,`OF@lrvE1O@9">fld:NumberStatsList</variable>
    <variable type="" id="59j:fta|!@AU!2rZ}n4A">fld:HighestStat</variable>
    <variable type="" id="{Sex~+bLcNo{@NKyN4zD">fld:LowestStat</variable>
    <variable type="" id="rt{o?Z=|5jcv?cj84kfu">fld:V10</variable>
    <variable type="" id="ps/0)tP8eey[E.suklR2">fld:V50</variable>
    <variable type="" id="3j;n/G`w)}1l@7@eud_d">fld:V100</variable>
    <variable type="" id="OsOc)#*zVDfFUj4v0#L8">martingale:totalProfit</variable>
    <variable type="" id="ymX20Tu=y}mai!l`Wkm1">martingale:tradeAgain</variable>
    <variable type="" id="S*-xGdueq,O-_UwRFK|2">martingale:size</variable>
    <variable type="" id=")4brOL|?)Bw@KavT8ZJH">martingale:expectedProfit</variable>
    <variable type="" id="X9DbD7F~0O+FnXX#t8f3">martingale:amount</variable>
    <variable type="" id="jG.KgCM@zklhUs[OSC3R">_First_Stake_</variable>
    <variable type="" id="3u6zw.6~v#!#NwZ/xhvd">fld:i</variable>
    <variable type="" id="*4*Vlu5c=0Rq3w%LC3Zr">jml</variable>
    <variable type="" id="sy%c.S4iJRV3}4xZZ0-0">martingale:maximumLoss</variable>
    <variable type="" id="]F4b:3^ayUDgHC{U1{!a">Num of Win</variable>
    <variable type="" id="v`Kx@rH7}4B4-37fsrrL">fld:nTick</variable>
    <variable type="" id="LwQ4E|:=}y-Yv,4A%ZR+">fld:nTickInText</variable>
    <variable type="" id="yzUa,NC)ZA;nS5pD|6%m">fld:j</variable>
    <variable type="" id="#.4.y=`+eXy`jUJ$BfEJ">fld:GetLastDigit</variable>
    <variable type="" id="BCoK;u=]YAuK!aiIDe|H">fld:NumberElement</variable>
    <variable type="" id="ZZI#oK[uQ1UMZeU2KZ`_">fld:MinStats</variable>
    <variable type="" id="PGUDjpT1=eQ$U/1BxB4;">fld:NumberPosition</variable>
    <variable type="" id="J=HM+#Z6TR}@U^T!Zx1R">fld:MaxStats</variable>
    <variable type="" id="^snUK:%CW0d|^wJ$d6S+">BERAPA KALI PRINT</variable>
    <variable type="" id="fKlVBzHjXwKk*J()TJst">Num of Loss</variable>
    <variable type="" id="rf#cW8)^1sEb0T)swuIQ">fld:NumberStat</variable>
    <variable type="" id="Ls)9TPr,ot(/^J$S3R0e">fld:k</variable>
    <variable type="" id="W*5Ij90c?b:,@HH.S?}+">fld:DigitStat</variable>
  </variables>
  <block type="variables_set" id="26+Ow8*y)Th.M?)i,{_{" x="-123" y="-25">
    <field name="VAR" id="o}Ltg{#X1B~U=D*v-{qa" variabletype="">[fld] How many ticks?</field>
  </block>
  <block type="variables_set" id="/K|Z-y0Oc-e-9v{jj/6$" disabled="true" x="-123" y="-25">
    <field name="VAR" id="o}Ltg{#X1B~U=D*v-{qa" variabletype="">[fld] How many ticks?</field>
  </block>
  <block type="tick_analysis" id="k8K,-@d+iH9H@U,QSM.f" collapsed="true" x="0" y="0">
    <statement name="TICKANALYSIS_STACK">
      <block type="text_append" id="v^`PXnV6E9i_0Vt)!$/T" collapsed="true">
        <field name="VAR" id="sLSekLzS#xi[spo70K_w" variabletype="">item</field>
        <value name="TEXT">
          <shadow type="text" id="ssIGNNX]*772yQ}FWtya">
            <field name="TEXT">WELCOME TRADER</field>
          </shadow>
        </value>
        <next>
          <block type="text_append" id="t5K)R9(4PG(zZgvIk$z}" collapsed="true">
            <field name="VAR" id="sLSekLzS#xi[spo70K_w" variabletype="">item</field>
            <value name="TEXT">
              <shadow type="text" id="lEnEw@u%rbNSZg#;Q@H{">
                <field name="TEXT">CR :</field>
              </shadow>
            </value>
            <next>
              <block type="text_append" id="lHtl7SYzprj]I6a=_)T1" collapsed="true">
                <field name="VAR" id="sLSekLzS#xi[spo70K_w" variabletype="">item</field>
                <value name="TEXT">
                  <shadow type="text" id="]PstyY5X2n@cWA|O,|`;">
                    <field name="TEXT">VRTC :</field>
                  </shadow>
                </value>
                <next>
                  <block type="text_append" id="m.$XL;?vMo{TItGgI`L]" collapsed="true">
                    <field name="VAR" id="sLSekLzS#xi[spo70K_w" variabletype="">item</field>
                    <value name="TEXT">
                      <shadow type="text" id="Vxi`8nl?LDyCu)U)EM2}">
                        <field name="TEXT">EMAIL : </field>
                      </shadow>
                    </value>
                    <next>
                      <block type="text_append" id="=ArY`?T]ZE4J)%%Z?6sB" collapsed="true">
                        <field name="VAR" id="sLSekLzS#xi[spo70K_w" variabletype="">item</field>
                        <value name="TEXT">
                          <shadow type="text" id="W8e_#!j{A{o-(g-WPmpa">
                            <field name="TEXT">HUY BOT</field>
                          </shadow>
                        </value>
                        <next>
                          <block type="text_append" id="CQBnek[.V:Vg_lZOmBrK" collapsed="true">
                            <field name="VAR" id="sLSekLzS#xi[spo70K_w" variabletype="">item</field>
                            <value name="TEXT">
                              <shadow type="text" id="$c~|`$;RR(,APAC%:Pdk">
                                <field name="TEXT">HAPPY PROFIT</field>
                              </shadow>
                            </value>
                            <next>
                              <block type="text_append" id="UtVx1.6a2bB;I:H~*t2V" collapsed="true">
                                <field name="VAR" id="sLSekLzS#xi[spo70K_w" variabletype="">item</field>
                                <value name="TEXT">
                                  <shadow type="text" id="ZiY7O)d:|zL(#vgYS,jw">
                                    <field name="TEXT">MASUKKAN PASWORD DENGAN BENAR</field>
                                  </shadow>
                                </value>
                              </block>
                            </next>
                          </block>
                        </next>
                      </block>
                    </next>
                  </block>
                </next>
              </block>
            </next>
          </block>
        </next>
      </block>
    </statement>
  </block>
  <block type="trade" id="xgH69|xFn9=70w.*3Vo@" x="752" y="-24">
    <field name="MARKET_LIST">volidx</field>
    <field name="SUBMARKET_LIST">random_index</field>
    <field name="SYMBOL_LIST">R_75</field>
    <field name="TRADETYPECAT_LIST">digits</field>
    <field name="TRADETYPE_LIST">overunder</field>
    <field name="TYPE_LIST">DIGITOVER</field>
    <field name="CANDLEINTERVAL_LIST">60</field>
    <field name="TIME_MACHINE_ENABLED">FALSE</field>
    <field name="RESTARTONERROR">TRUE</field>
    <statement name="INITIALIZATION">
      <block type="variables_set" id="MqWIAW(.cT%OT4~M:%N(" collapsed="true">
        <field name="VAR" id="]3l/$6[wT_qQYkEg,h`-" variabletype="">PASSWORD</field>
        <value name="VALUE">
          <block type="text_prompt_ext" id="s9_He=0E/iM]sB:V;2Ac" collapsed="true">
            <mutation type="TEXT"></mutation>
            <field name="TYPE">TEXT</field>
            <value name="TEXT">
              <shadow type="text" id=",v[vY}0RY+g;|m@+lCDJ">
                <field name="TEXT">PASSWORD : </field>
              </shadow>
            </value>
          </block>
        </value>
        <next>
          <block type="notify" id=",kH*+h)B~HUA{PC4e}0%" collapsed="true">
            <field name="NOTIFICATION_TYPE">error</field>
            <field name="NOTIFICATION_SOUND">job-done</field>
            <value name="MESSAGE">
              <block type="text_join" id="dq@,%r;S~+id.,zqJT92" collapsed="true">
                <mutation items="1"></mutation>
                <value name="ADD0">
                  <block type="text" id="F/_`vbhnX!iv7@tzyeo7">
                    <field name="TEXT">WELCOME TO HUY BOT</field>
                  </block>
                </value>
              </block>
            </value>
          </block>
        </next>
      </block>
    </statement>
    <statement name="SUBMARKET">
      <block type="tradeOptions" id="x=V33~4Lb|(sLv`J[:Eb" collapsed="true">
        <field name="DURATIONTYPE_LIST">t</field>
        <field name="CURRENCY_LIST">USD</field>
        <value name="DURATION">
          <shadow type="math_number" id="O*@58sDc=!cOO}*b2vf9">
            <field name="NUM">7</field>
          </shadow>
        </value>
        <value name="AMOUNT">
          <shadow type="math_number" id="ml)25~7^q}3I9}vjf:%K">
            <field name="NUM">1</field>
          </shadow>
          <block type="procedures_callreturn" id="!u{3VlFd}x~LAr|BMM7G">
            <mutation name="Martingale Trade Amount"></mutation>
          </block>
        </value>
        <value name="PREDICTION">
          <block type="math_number" id="+//%7(2(saz}/=cqN`/*">
            <field name="NUM">1</field>
          </block>
        </value>
      </block>
    </statement>
  </block>
  <block type="procedures_defreturn" id="ZE-)~A)AipG*F*O-Jwgz" collapsed="true" x="0" y="53">
    <field name="NAME">Last Digits List</field>
    <comment pinned="false" h="80" w="160">Describe this function...</comment>
    <value name="RETURN">
      <block type="variables_get" id="q97$2`W^Tar|82,n^^1p" collapsed="true">
        <field name="VAR" id="d6`I^hxRNJf$Qv.WZ0wg" variabletype="">fld:LastDigitList</field>
      </block>
    </value>
  </block>
  <block type="procedures_defnoreturn" id="LlA4{?W+5FqmPpFNTO*8" x="266" y="78">
    <mutation>
      <arg name="[fld] Market" varid="JJue!^r;3y1ga%esrzCp"></arg>
      <arg name="[fld] Ticks List" varid="/!t16t.O{(0%Soc2sQ|T"></arg>
      <arg name="[fld] How many ticks?" varid="o}Ltg{#X1B~U=D*v-{qa"></arg>
    </mutation>
    <field name="NAME">(5) FRUITFELLA's Last Digits Analyzer</field>
    <comment pinned="false" h="80" w="160">Describe this function...</comment>
    <statement name="STACK">
      <block type="variables_set" id="ITph*j6@[nIXwx+m+3(i">
        <field name="VAR" id=".7N0p6E,$_:w$]XEn_g%" variabletype="">fld:SelectedTicks</field>
        <value name="VALUE">
          <block type="lists_getSublist" id="M!bS[?{%vU3Ug3087aCc" inline="false" collapsed="true">
            <mutation at1="true" at2="false"></mutation>
            <field name="WHERE1">FROM_END</field>
            <field name="WHERE2">LAST</field>
            <value name="LIST">
              <block type="variables_get" id="7m*1Q?F|^Cl0gl2YQAic">
                <field name="VAR" id="/!t16t.O{(0%Soc2sQ|T" variabletype="">[fld] Ticks List</field>
              </block>
            </value>
            <value name="AT1">
              <block type="variables_get" id="#KxwF=AXE9:H!Um.wKU`">
                <field name="VAR" id="o}Ltg{#X1B~U=D*v-{qa" variabletype="">[fld] How many ticks?</field>
              </block>
            </value>
          </block>
        </value>
        <next>
          <block type="variables_set" id=":@K7fqmW9eUNlRYO9QA^">
            <field name="VAR" id="d6`I^hxRNJf$Qv.WZ0wg" variabletype="">fld:LastDigitList</field>
            <value name="VALUE">
              <block type="lists_repeat" id="1ihv3v6)2?PKU?*7{mC?" collapsed="true">
                <value name="ITEM">
                  <block type="math_number" id="p7Mh/SJ`al2;nE88%H#n">
                    <field name="NUM">0</field>
                  </block>
                </value>
                <value name="NUM">
                  <shadow type="math_number" id="A=#J-tcF=/ZW1gMGplKV">
                    <field name="NUM">5</field>
                  </shadow>
                  <block type="variables_get" id="eS;4o+BT3MP*L/h!F$vc">
                    <field name="VAR" id="o}Ltg{#X1B~U=D*v-{qa" variabletype="">[fld] How many ticks?</field>
                  </block>
                </value>
              </block>
            </value>
            <next>
              <block type="controls_for" id="#~ZoAak6/ZYmsv:63tbR" collapsed="true">
                <field name="VAR" id="3u6zw.6~v#!#NwZ/xhvd" variabletype="">fld:i</field>
                <value name="FROM">
                  <block type="math_number" id="R(3jdZUEKw+Er*QXy`BX">
                    <field name="NUM">1</field>
                  </block>
                </value>
                <value name="TO">
                  <block type="variables_get" id="3rh7{;V/Pg;]*~!-.H2~">
                    <field name="VAR" id="o}Ltg{#X1B~U=D*v-{qa" variabletype="">[fld] How many ticks?</field>
                  </block>
                </value>
                <value name="BY">
                  <block type="math_number" id="tVhS9^,H2q0M*0Jq{Y1l">
                    <field name="NUM">1</field>
                  </block>
                </value>
                <statement name="DO">
                  <block type="variables_set" id="~YA5fUD`M16#K,Ak*w($">
                    <field name="VAR" id="v`Kx@rH7}4B4-37fsrrL" variabletype="">fld:nTick</field>
                    <value name="VALUE">
                      <block type="lists_getIndex" id="NJ?=L3d,w^M,BUe%OHqo" collapsed="true">
                        <mutation statement="false" at="true"></mutation>
                        <field name="MODE">GET</field>
                        <field name="WHERE">FROM_START</field>
                        <value name="VALUE">
                          <block type="variables_get" id="QX]qiz)TtUYEJA_FX,-3">
                            <field name="VAR" id=".7N0p6E,$_:w$]XEn_g%" variabletype="">fld:SelectedTicks</field>
                          </block>
                        </value>
                        <value name="AT">
                          <block type="variables_get" id="$@d6S9NCrQ)3Q0Iy~(:3">
                            <field name="VAR" id="3u6zw.6~v#!#NwZ/xhvd" variabletype="">fld:i</field>
                          </block>
                        </value>
                      </block>
                    </value>
                    <next>
                      <block type="variables_set" id="q^W#n,r9.=np0LquKq@?">
                        <field name="VAR" id="LwQ4E|:=}y-Yv,4A%ZR+" variabletype="">fld:nTickInText</field>
                        <value name="VALUE">
                          <block type="text_join" id="9Q6}jG5QiOvV2iIg1Bh," collapsed="true">
                            <mutation items="1"></mutation>
                            <value name="ADD0">
                              <block type="math_round" id="VF%Gtp;rU*QIxermyLFk">
                                <field name="OP">ROUND</field>
                                <value name="NUM">
                                  <shadow type="math_number" id="T:KLBE?59kbYC1zc%I-)">
                                    <field name="NUM">3.1</field>
                                  </shadow>
                                  <block type="math_arithmetic" id="0}Fy,e4d;tWP6E@VfVdf">
                                    <field name="OP">MULTIPLY</field>
                                    <value name="A">
                                      <shadow type="math_number" id="$CP2we]Q}9u4)^6Zbb8?">
                                        <field name="NUM">1</field>
                                      </shadow>
                                      <block type="variables_get" id="a9@*3@`biPuWF=iYD}/6">
                                        <field name="VAR" id="v`Kx@rH7}4B4-37fsrrL" variabletype="">fld:nTick</field>
                                      </block>
                                    </value>
                                    <value name="B">
                                      <shadow type="math_number" id="muK2s,S$hTr[y*7mX3Ww">
                                        <field name="NUM">1</field>
                                      </shadow>
                                      <block type="variables_get" id="*G/TPJ9n-/n8YTYKkYR3">
                                        <field name="VAR" id="JJue!^r;3y1ga%esrzCp" variabletype="">[fld] Market</field>
                                      </block>
                                    </value>
                                  </block>
                                </value>
                              </block>
                            </value>
                          </block>
                        </value>
                        <next>
                          <block type="variables_set" id="Y/(7{6^?zUBVx6nVi6L@">
                            <field name="VAR" id="#.4.y=`+eXy`jUJ$BfEJ" variabletype="">fld:GetLastDigit</field>
                            <value name="VALUE">
                              <block type="text_charAt" id="^7m/0d@U)x|`:1plvngp" collapsed="true">
                                <mutation at="false"></mutation>
                                <field name="WHERE">LAST</field>
                                <value name="VALUE">
                                  <block type="variables_get" id="8Z.{+EHOql)fdgbWhP2f">
                                    <field name="VAR" id="LwQ4E|:=}y-Yv,4A%ZR+" variabletype="">fld:nTickInText</field>
                                  </block>
                                </value>
                              </block>
                            </value>
                            <next>
                              <block type="lists_setIndex" id="x|*y9@.q(ejT:NVZ.zUw" collapsed="true">
                                <mutation at="true"></mutation>
                                <field name="MODE">SET</field>
                                <field name="WHERE">FROM_END</field>
                                <value name="LIST">
                                  <block type="variables_get" id="R(xB_mF5Mn7Z1+lQ#6qP">
                                    <field name="VAR" id="d6`I^hxRNJf$Qv.WZ0wg" variabletype="">fld:LastDigitList</field>
                                  </block>
                                </value>
                                <value name="AT">
                                  <block type="variables_get" id="ly@1q5.Bm6Q]+nlP7YUH">
                                    <field name="VAR" id="3u6zw.6~v#!#NwZ/xhvd" variabletype="">fld:i</field>
                                  </block>
                                </value>
                                <value name="TO">
                                  <block type="variables_get" id="x/P0YtM=kIp36m)wNsw5">
                                    <field name="VAR" id="#.4.y=`+eXy`jUJ$BfEJ" variabletype="">fld:GetLastDigit</field>
                                  </block>
                                </value>
                              </block>
                            </next>
                          </block>
                        </next>
                      </block>
                    </next>
                  </block>
                </statement>
                <next>
                  <block type="variables_set" id="U6e(HHnvsgMrnd+5naFJ">
                    <field name="VAR" id="9KW89i(,`OF@lrvE1O@9" variabletype="">fld:NumberStatsList</field>
                    <value name="VALUE">
                      <block type="lists_repeat" id=",{GzDL#Oe5:-#*MJ*|uQ" inline="true" collapsed="true">
                        <value name="ITEM">
                          <block type="math_number" id="4Q08Z|GJhL+of|SOzRVv">
                            <field name="NUM">0</field>
                          </block>
                        </value>
                        <value name="NUM">
                          <shadow type="math_number" id="]]s!5rQ.I/Bp}.H/)y#D">
                            <field name="NUM">5</field>
                          </shadow>
                          <block type="math_number" id="e(V-aL{_L?9,vX`X%}/z">
                            <field name="NUM">10</field>
                          </block>
                        </value>
                      </block>
                    </value>
                    <next>
                      <block type="controls_for" id="_N||x/HU.+K#0uN*eB-$" collapsed="true">
                        <field name="VAR" id="yzUa,NC)ZA;nS5pD|6%m" variabletype="">fld:j</field>
                        <value name="FROM">
                          <block type="math_number" id="*@Sp6Ex%.Z9PuNH$rf~q">
                            <field name="NUM">1</field>
                          </block>
                        </value>
                        <value name="TO">
                          <block type="variables_get" id="ma1~a(8o/4l+7W7#KWK@">
                            <field name="VAR" id="o}Ltg{#X1B~U=D*v-{qa" variabletype="">[fld] How many ticks?</field>
                          </block>
                        </value>
                        <value name="BY">
                          <block type="math_number" id="q#GE:E~J?yh;-,b:GNta">
                            <field name="NUM">1</field>
                          </block>
                        </value>
                        <statement name="DO">
                          <block type="variables_set" id="A]LfHpK;B;oL}LyNcw.t">
                            <field name="VAR" id="BCoK;u=]YAuK!aiIDe|H" variabletype="">fld:NumberElement</field>
                            <value name="VALUE">
                              <block type="lists_getIndex" id="1[e1r-|!DRHG!W(r_.5V" collapsed="true">
                                <mutation statement="false" at="true"></mutation>
                                <field name="MODE">GET</field>
                                <field name="WHERE">FROM_END</field>
                                <value name="VALUE">
                                  <block type="variables_get" id="x=X7it#BXP[b4{,qgirt">
                                    <field name="VAR" id="d6`I^hxRNJf$Qv.WZ0wg" variabletype="">fld:LastDigitList</field>
                                  </block>
                                </value>
                                <value name="AT">
                                  <block type="variables_get" id="T]et5jzV!A4!X.H0Xv+!">
                                    <field name="VAR" id="yzUa,NC)ZA;nS5pD|6%m" variabletype="">fld:j</field>
                                  </block>
                                </value>
                              </block>
                            </value>
                            <next>
                              <block type="variables_set" id="AWS5T%vM5j01q:h)^N})">
                                <field name="VAR" id="PGUDjpT1=eQ$U/1BxB4;" variabletype="">fld:NumberPosition</field>
                                <value name="VALUE">
                                  <block type="math_arithmetic" id="(R`a}Kl`RDwPb_jPDFs;" collapsed="true">
                                    <field name="OP">ADD</field>
                                    <value name="A">
                                      <shadow type="math_number" id="e=V|:kbgv-q@W3z$Qj@p">
                                        <field name="NUM">1</field>
                                      </shadow>
                                      <block type="math_single" id="v-DDf/o|IB6+;/86!Y%7">
                                        <field name="OP">ABS</field>
                                        <value name="NUM">
                                          <shadow type="math_number" id="N]uf^9^@T:zTKw@}A9|9">
                                            <field name="NUM">9</field>
                                          </shadow>
                                          <block type="variables_get" id="cOE}E}^#e^%sKGOZ9iH#">
                                            <field name="VAR" id="BCoK;u=]YAuK!aiIDe|H" variabletype="">fld:NumberElement</field>
                                          </block>
                                        </value>
                                      </block>
                                    </value>
                                    <value name="B">
                                      <shadow type="math_number" id=",ht|nNU}bcw:Si3t{$u~">
                                        <field name="NUM">1</field>
                                      </shadow>
                                    </value>
                                  </block>
                                </value>
                                <next>
                                  <block type="variables_set" id="zRp2|_vxNNe7]vQAotzq" collapsed="true">
                                    <field name="VAR" id="rf#cW8)^1sEb0T)swuIQ" variabletype="">fld:NumberStat</field>
                                    <value name="VALUE">
                                      <block type="lists_getIndex" id="-1f8^}5F8_q#xC%06`:#">
                                        <mutation statement="false" at="true"></mutation>
                                        <field name="MODE">GET</field>
                                        <field name="WHERE">FROM_START</field>
                                        <value name="VALUE">
                                          <block type="variables_get" id="s-=Tv?eTZjxs;o2_[vsv">
                                            <field name="VAR" id="9KW89i(,`OF@lrvE1O@9" variabletype="">fld:NumberStatsList</field>
                                          </block>
                                        </value>
                                        <value name="AT">
                                          <block type="variables_get" id="/6d=c*x|4sX4Me9U,R2h">
                                            <field name="VAR" id="PGUDjpT1=eQ$U/1BxB4;" variabletype="">fld:NumberPosition</field>
                                          </block>
                                        </value>
                                      </block>
                                    </value>
                                    <next>
                                      <block type="math_change" id="2`d4)WG?3CbB]sckD[:$" collapsed="true">
                                        <field name="VAR" id="rf#cW8)^1sEb0T)swuIQ" variabletype="">fld:NumberStat</field>
                                        <value name="DELTA">
                                          <shadow type="math_number" id="g;Dfv7(cKudpMz?0kQyw">
                                            <field name="NUM">1</field>
                                          </shadow>
                                        </value>
                                        <next>
                                          <block type="lists_setIndex" id="=r=%QeKLyeHI1kW%||_S" collapsed="true">
                                            <mutation at="true"></mutation>
                                            <field name="MODE">SET</field>
                                            <field name="WHERE">FROM_START</field>
                                            <value name="LIST">
                                              <block type="variables_get" id="}e28A_xQ{nw#5liQ4i#b">
                                                <field name="VAR" id="9KW89i(,`OF@lrvE1O@9" variabletype="">fld:NumberStatsList</field>
                                              </block>
                                            </value>
                                            <value name="AT">
                                              <block type="variables_get" id="~DYL1k+]j5-9%gwoyn))">
                                                <field name="VAR" id="PGUDjpT1=eQ$U/1BxB4;" variabletype="">fld:NumberPosition</field>
                                              </block>
                                            </value>
                                            <value name="TO">
                                              <block type="variables_get" id="]vldB)+^q.y_iBaQQPFa">
                                                <field name="VAR" id="rf#cW8)^1sEb0T)swuIQ" variabletype="">fld:NumberStat</field>
                                              </block>
                                            </value>
                                          </block>
                                        </next>
                                      </block>
                                    </next>
                                  </block>
                                </next>
                              </block>
                            </next>
                          </block>
                        </statement>
                        <next>
                          <block type="variables_set" id="i#(6%N.3B8w=SeM1WPG-" collapsed="true">
                            <field name="VAR" id="ZZI#oK[uQ1UMZeU2KZ`_" variabletype="">fld:MinStats</field>
                            <value name="VALUE">
                              <block type="math_number" id="zgKd/DttTNmc`|_`+5-$">
                                <field name="NUM">-1</field>
                              </block>
                            </value>
                            <next>
                              <block type="variables_set" id="Cq-!j27.YvA.{}F1L#-@" collapsed="true">
                                <field name="VAR" id="J=HM+#Z6TR}@U^T!Zx1R" variabletype="">fld:MaxStats</field>
                                <value name="VALUE">
                                  <block type="math_arithmetic" id="pnHbd{*X44`6+ZH*l=JP" collapsed="true">
                                    <field name="OP">ADD</field>
                                    <value name="A">
                                      <shadow type="math_number" id=")yZfs2SP?MBVoq;nKLK7">
                                        <field name="NUM">1</field>
                                      </shadow>
                                      <block type="variables_get" id="w]*,AWo}_XgtA2zm/OLu">
                                        <field name="VAR" id="o}Ltg{#X1B~U=D*v-{qa" variabletype="">[fld] How many ticks?</field>
                                      </block>
                                    </value>
                                    <value name="B">
                                      <shadow type="math_number" id="VnWn5*WDpU14XxF%TI_/">
                                        <field name="NUM">1</field>
                                      </shadow>
                                    </value>
                                  </block>
                                </value>
                                <next>
                                  <block type="controls_for" id="X$=*WDV.#U}:i~k*Kso:" collapsed="true">
                                    <field name="VAR" id="Ls)9TPr,ot(/^J$S3R0e" variabletype="">fld:k</field>
                                    <value name="FROM">
                                      <block type="math_number" id="wb-P.-|UrWIdfN}2jC5i">
                                        <field name="NUM">1</field>
                                      </block>
                                    </value>
                                    <value name="TO">
                                      <block type="math_number" id="O*G(W1B%L2TfMvk2`25t">
                                        <field name="NUM">10</field>
                                      </block>
                                    </value>
                                    <value name="BY">
                                      <block type="math_number" id="7mDix?]a!1@}+j#:^bD(">
                                        <field name="NUM">1</field>
                                      </block>
                                    </value>
                                    <statement name="DO">
                                      <block type="variables_set" id="FHq_[Gelmc8^3^x6XiZ)" collapsed="true">
                                        <field name="VAR" id="W*5Ij90c?b:,@HH.S?}+" variabletype="">fld:DigitStat</field>
                                        <value name="VALUE">
                                          <block type="lists_getIndex" id="0#|6@81U=$hEJO4K3#[9" collapsed="true">
                                            <mutation statement="false" at="true"></mutation>
                                            <field name="MODE">GET</field>
                                            <field name="WHERE">FROM_START</field>
                                            <value name="VALUE">
                                              <block type="variables_get" id="$LPb*J?,Zue{Z}rc-CJJ">
                                                <field name="VAR" id="9KW89i(,`OF@lrvE1O@9" variabletype="">fld:NumberStatsList</field>
                                              </block>
                                            </value>
                                            <value name="AT">
                                              <block type="variables_get" id=";_Ru^VH!#j8s]*!yuTBq">
                                                <field name="VAR" id="Ls)9TPr,ot(/^J$S3R0e" variabletype="">fld:k</field>
                                              </block>
                                            </value>
                                          </block>
                                        </value>
                                        <next>
                                          <block type="controls_if" id="xDP@0~41;*DCGj8nJ1V#" collapsed="true">
                                            <value name="IF0">
                                              <block type="logic_compare" id="TYQfBGZuv:kSR.n,8gHS" inline="false" collapsed="true">
                                                <field name="OP">GT</field>
                                                <value name="A">
                                                  <block type="variables_get" id="s)-3o*OZ(@Q=)T.lU?n%">
                                                    <field name="VAR" id="W*5Ij90c?b:,@HH.S?}+" variabletype="">fld:DigitStat</field>
                                                  </block>
                                                </value>
                                                <value name="B">
                                                  <block type="variables_get" id="7e(t7Lz3TKc_Z-!R$w2q">
                                                    <field name="VAR" id="ZZI#oK[uQ1UMZeU2KZ`_" variabletype="">fld:MinStats</field>
                                                  </block>
                                                </value>
                                              </block>
                                            </value>
                                            <statement name="DO0">
                                              <block type="variables_set" id="VfiZb/O$8tlyX=Cc0w!2" collapsed="true">
                                                <field name="VAR" id="ZZI#oK[uQ1UMZeU2KZ`_" variabletype="">fld:MinStats</field>
                                                <value name="VALUE">
                                                  <block type="variables_get" id=".z)5dy|a:r_}LkXW(Xm}">
                                                    <field name="VAR" id="W*5Ij90c?b:,@HH.S?}+" variabletype="">fld:DigitStat</field>
                                                  </block>
                                                </value>
                                                <next>
                                                  <block type="variables_set" id="[X9iFcij6)TAUG0qCw!*" collapsed="true">
                                                    <field name="VAR" id="59j:fta|!@AU!2rZ}n4A" variabletype="">fld:HighestStat</field>
                                                    <value name="VALUE">
                                                      <block type="math_arithmetic" id="7n/lj.)Yn#F/sa!#CC*,">
                                                        <field name="OP">MINUS</field>
                                                        <value name="A">
                                                          <shadow type="math_number" id=",A(A=v?mKsYGV`YVeVux">
                                                            <field name="NUM">1</field>
                                                          </shadow>
                                                          <block type="variables_get" id="H6Vp_j+`s8sX/bfN=E0P">
                                                            <field name="VAR" id="Ls)9TPr,ot(/^J$S3R0e" variabletype="">fld:k</field>
                                                          </block>
                                                        </value>
                                                        <value name="B">
                                                          <shadow type="math_number" id="ZvQ}.o[dl0*gM_dtn}0o">
                                                            <field name="NUM">1</field>
                                                          </shadow>
                                                        </value>
                                                      </block>
                                                    </value>
                                                  </block>
                                                </next>
                                              </block>
                                            </statement>
                                            <next>
                                              <block type="controls_if" id="PV4b(:O.^7LNg@G5X9)z" collapsed="true">
                                                <value name="IF0">
                                                  <block type="logic_compare" id="8Oy2*v5OPK(y-KA]0bBR" inline="false" collapsed="true">
                                                    <field name="OP">LT</field>
                                                    <value name="A">
                                                      <block type="variables_get" id="wOTI-D,%s,A$my,bYuX)">
                                                        <field name="VAR" id="W*5Ij90c?b:,@HH.S?}+" variabletype="">fld:DigitStat</field>
                                                      </block>
                                                    </value>
                                                    <value name="B">
                                                      <block type="variables_get" id="+)+_+81u]%vu=iL8]-V7">
                                                        <field name="VAR" id="J=HM+#Z6TR}@U^T!Zx1R" variabletype="">fld:MaxStats</field>
                                                      </block>
                                                    </value>
                                                  </block>
                                                </value>
                                                <statement name="DO0">
                                                  <block type="variables_set" id="KYoE8%d/BXV8^:rZnv7Z" collapsed="true">
                                                    <field name="VAR" id="J=HM+#Z6TR}@U^T!Zx1R" variabletype="">fld:MaxStats</field>
                                                    <value name="VALUE">
                                                      <block type="variables_get" id="1g3nRjZ$`#|kg|U;0~cN">
                                                        <field name="VAR" id="W*5Ij90c?b:,@HH.S?}+" variabletype="">fld:DigitStat</field>
                                                      </block>
                                                    </value>
                                                    <next>
                                                      <block type="variables_set" id="^55:Jk?|CUawr:XeonVB" collapsed="true">
                                                        <field name="VAR" id="{Sex~+bLcNo{@NKyN4zD" variabletype="">fld:LowestStat</field>
                                                        <value name="VALUE">
                                                          <block type="math_arithmetic" id="v6dW,-Nld_`,=`GjdVwY">
                                                            <field name="OP">MINUS</field>
                                                            <value name="A">
                                                              <shadow type="math_number" id=",A(A=v?mKsYGV`YVeVux">
                                                                <field name="NUM">1</field>
                                                              </shadow>
                                                              <block type="variables_get" id="H.(*Z:JYW:VInhT?Wb_L">
                                                                <field name="VAR" id="Ls)9TPr,ot(/^J$S3R0e" variabletype="">fld:k</field>
                                                              </block>
                                                            </value>
                                                            <value name="B">
                                                              <shadow type="math_number" id="^j.}](aADq=Dv6y^z9Zg">
                                                                <field name="NUM">1</field>
                                                              </shadow>
                                                            </value>
                                                          </block>
                                                        </value>
                                                      </block>
                                                    </next>
                                                  </block>
                                                </statement>
                                              </block>
                                            </next>
                                          </block>
                                        </next>
                                      </block>
                                    </statement>
                                  </block>
                                </next>
                              </block>
                            </next>
                          </block>
                        </next>
                      </block>
                    </next>
                  </block>
                </next>
              </block>
            </next>
          </block>
        </next>
      </block>
    </statement>
  </block>
  <block type="procedures_defreturn" id="mQ:.{h8=H`08n5+~I)@$" collapsed="true" x="0" y="106">
    <field name="NAME">Last Digit Stats</field>
    <comment pinned="false" h="80" w="160">Describe this function...</comment>
    <value name="RETURN">
      <block type="variables_get" id="~o)_6#ebvg;46Qt%SRXO" collapsed="true">
        <field name="VAR" id="9KW89i(,`OF@lrvE1O@9" variabletype="">fld:NumberStatsList</field>
      </block>
    </value>
  </block>
  <block type="procedures_defreturn" id="nS$7DPzY(h|ASiLeMoP[" collapsed="true" x="0" y="159">
    <field name="NAME">Most frequent LD</field>
    <comment pinned="false" h="80" w="160">Describe this function...</comment>
    <value name="RETURN">
      <block type="variables_get" id="Sl?T~HQ[@,xE|3aN@*P." collapsed="true">
        <field name="VAR" id="59j:fta|!@AU!2rZ}n4A" variabletype="">fld:HighestStat</field>
      </block>
    </value>
  </block>
  <block type="procedures_defreturn" id="|;)=L829_`qv.E8(u(cd" collapsed="true" x="0" y="212">
    <field name="NAME">Least frequent LD</field>
    <comment pinned="false" h="80" w="160">Describe this function...</comment>
    <value name="RETURN">
      <block type="variables_get" id="k0s[P`)(WJt8NzT18yX1" collapsed="true">
        <field name="VAR" id="{Sex~+bLcNo{@NKyN4zD" variabletype="">fld:LowestStat</field>
      </block>
    </value>
  </block>
  <block type="procedures_defreturn" id="kz3_)Kakmp}6iP(MHsvy" collapsed="true" x="0" y="265">
    <field name="NAME">V10 / V25</field>
    <comment pinned="false" h="80" w="160">Describe this function...</comment>
    <statement name="STACK">
      <block type="variables_set" id="o)6`}L#]5EgLJlbD),^_" collapsed="true">
        <field name="VAR" id="rt{o?Z=|5jcv?cj84kfu" variabletype="">fld:V10</field>
        <value name="VALUE">
          <block type="math_number" id="C1V;.`[Nh6H*@Fn@hnw*" collapsed="true">
            <field name="NUM">1000</field>
          </block>
        </value>
      </block>
    </statement>
    <value name="RETURN">
      <block type="variables_get" id="hw%8a9V%qii|up[vhD$`" collapsed="true">
        <field name="VAR" id="rt{o?Z=|5jcv?cj84kfu" variabletype="">fld:V10</field>
      </block>
    </value>
  </block>
  <block type="procedures_defreturn" id="r,BJof}@lGlm}}8L_Vfz" collapsed="true" x="0" y="318">
    <field name="NAME">V50 / V75</field>
    <comment pinned="false" h="80" w="160">Describe this function...</comment>
    <statement name="STACK">
      <block type="variables_set" id="0vy}4z+hr4Q[`+]JmqMc" collapsed="true">
        <field name="VAR" id="ps/0)tP8eey[E.suklR2" variabletype="">fld:V50</field>
        <value name="VALUE">
          <block type="math_number" id="9RcOd[|i_qe7[o9F%,Ob">
            <field name="NUM">10000</field>
          </block>
        </value>
      </block>
    </statement>
    <value name="RETURN">
      <block type="variables_get" id="4c!oDU~Yrk.R7]D@ny1i" collapsed="true">
        <field name="VAR" id="ps/0)tP8eey[E.suklR2" variabletype="">fld:V50</field>
      </block>
    </value>
  </block>
  <block type="procedures_defreturn" id="/,s0gK*~jMj2]KGpg.T`" collapsed="true" x="0" y="371">
    <field name="NAME">V100</field>
    <comment pinned="false" h="80" w="160">Describe this function...</comment>
    <statement name="STACK">
      <block type="variables_set" id="qCyEO$Dqf!N+LS.^J2n$" collapsed="true">
        <field name="VAR" id="3j;n/G`w)}1l@7@eud_d" variabletype="">fld:V100</field>
        <value name="VALUE">
          <block type="math_number" id="HYgG={kcGUEDqO|a1VkP" collapsed="true">
            <field name="NUM">100</field>
          </block>
        </value>
      </block>
    </statement>
    <value name="RETURN">
      <block type="variables_get" id="s=`qAI?x+*wcIc*$M+.B" collapsed="true">
        <field name="VAR" id="3j;n/G`w)}1l@7@eud_d" variabletype="">fld:V100</field>
      </block>
    </value>
  </block>
  <block type="before_purchase" id="i-CIx.(Onm4?ihxzA}Y]" x="-137" y="420">
    <statement name="BEFOREPURCHASE_STACK">
      <block type="controls_if" id="VPCGfYu4%mP/t^dkx.Wi" collapsed="true">
        <value name="IF0">
          <block type="logic_compare" id="u*B_6vYGIFJoB=eYJyV=" collapsed="true">
            <field name="OP">EQ</field>
            <value name="A">
              <block type="variables_get" id="uCe3l$._eXFpYs^GcM?;">
                <field name="VAR" id="]3l/$6[wT_qQYkEg,h`-" variabletype="">PASSWORD</field>
              </block>
            </value>
            <value name="B">
              <block type="text" id="=FK*Qg/T^y*hIVkj+ycA" collapsed="true">
                <field name="TEXT">huydaica</field>
              </block>
            </value>
          </block>
        </value>
        <statement name="DO0">
          <block type="controls_if" id="_=~zTNVRGoZu$i38Jlyz">
            <mutation else="1"></mutation>
            <value name="IF0">
              <block type="logic_compare" id="4Y`N}(/p2%/TC(8wMFBg" collapsed="true">
                <field name="OP">LT</field>
                <value name="A">
                  <block type="procedures_callreturn" id="e~Be|Qk5IC+_.sKpguv|">
                    <mutation name="Least frequent LD"></mutation>
                  </block>
                </value>
                <value name="B">
                  <block type="math_number" id="0Mb,P7OyJn*qm,Hs!ZB|">
                    <field name="NUM">2</field>
                  </block>
                </value>
              </block>
            </value>
            <statement name="DO0">
              <block type="variables_set" id="G4+7{~NH0~o#):U08^^n" collapsed="true">
                <field name="VAR" id="*4*Vlu5c=0Rq3w%LC3Zr" variabletype="">jml</field>
                <value name="VALUE">
                  <block type="math_arithmetic" id="I*qM];%NL+kC={Imj)gA" collapsed="true">
                    <field name="OP">ADD</field>
                    <value name="A">
                      <shadow type="math_number" id="`D^l?2Dwnoo/;ZCq+Ki3">
                        <field name="NUM">1</field>
                      </shadow>
                      <block type="variables_get" id="!nocduiv+9N(x38P4+[J">
                        <field name="VAR" id="*4*Vlu5c=0Rq3w%LC3Zr" variabletype="">jml</field>
                      </block>
                    </value>
                    <value name="B">
                      <shadow type="math_number" id="bda`zO+H|q2Xz6?M!X/[">
                        <field name="NUM">1</field>
                      </shadow>
                    </value>
                  </block>
                </value>
              </block>
            </statement>
            <statement name="ELSE">
              <block type="variables_set" id="TVN;GG$m(0sWg;R?`,]E" collapsed="true">
                <field name="VAR" id="*4*Vlu5c=0Rq3w%LC3Zr" variabletype="">jml</field>
                <value name="VALUE">
                  <block type="math_number" id="f/5rS*/G@N!H;4/w~hA^">
                    <field name="NUM">0</field>
                  </block>
                </value>
              </block>
            </statement>
            <next>
              <block type="notify" id="YI?P7(Ur?hR;6!jk}0;E" collapsed="true">
                <field name="NOTIFICATION_TYPE">success</field>
                <field name="NOTIFICATION_SOUND">silent</field>
                <value name="MESSAGE">
                  <shadow type="text" id="bLEZ3l8Crs4Ay6gTa{OP">
                    <field name="TEXT">abc</field>
                  </shadow>
                  <block type="text_join" id="VN6h:+FO7KBr*g`_)P9e" collapsed="true">
                    <mutation items="6"></mutation>
                    <value name="ADD0">
                      <block type="text" id="^iDB5ccy4*K$7FAI@OR4" collapsed="true">
                        <field name="TEXT">==&gt;&gt; FREQUENCY DIGITS ==&gt;&gt;</field>
                      </block>
                    </value>
                    <value name="ADD1">
                      <block type="variables_get" id="AU0F0?(o!T9t54I=5RF8" collapsed="true">
                        <field name="VAR" id="*4*Vlu5c=0Rq3w%LC3Zr" variabletype="">jml</field>
                      </block>
                    </value>
                    <value name="ADD2">
                      <block type="text" id="_ndb:iOJlmnV9_5aS%`8" collapsed="true">
                        <field name="TEXT">&lt;&lt;== LAST DIGITS =  </field>
                      </block>
                    </value>
                    <value name="ADD3">
                      <block type="last_digit" id="-f11(9y;*v8Wq-ru[Sl}" collapsed="true"></block>
                    </value>
                  </block>
                </value>
                <next>
                  <block type="controls_if" id="Zas#-111d1.+yfVB!`s7" collapsed="true">
                    <value name="IF0">
                      <block type="logic_compare" id="{i})#|c`HFM2*]63M~Xw" collapsed="true">
                        <field name="OP">EQ</field>
                        <value name="A">
                          <block type="variables_get" id="5/(s!JoUqUO`5N=6=17E">
                            <field name="VAR" id="*4*Vlu5c=0Rq3w%LC3Zr" variabletype="">jml</field>
                          </block>
                        </value>
                        <value name="B">
                          <block type="math_number" id="Z(IJqF53ADn#J95|`MT|">
                            <field name="NUM">1</field>
                          </block>
                        </value>
                      </block>
                    </value>
                    <statement name="DO0">
                      <block type="purchase" id="#F|Rhv^s#?#xz-Q4;=0m" collapsed="true">
                        <field name="PURCHASE_LIST">DIGITOVER</field>
                      </block>
                    </statement>
                  </block>
                </next>
              </block>
            </next>
          </block>
        </statement>
        <next>
          <block type="notify" id="GM@Ze.4p+T~!dCej]gi@" collapsed="true">
            <field name="NOTIFICATION_TYPE">success</field>
            <field name="NOTIFICATION_SOUND">silent</field>
            <value name="MESSAGE">
              <shadow type="text" id="F3I4,ZP(;FMiq_e2!D.6">
                <field name="TEXT">abc</field>
              </shadow>
              <block type="procedures_callreturn" id="C6g8^7/Iq|{U:9j_hI6{" collapsed="true">
                <mutation name="Least frequent LD"></mutation>
              </block>
            </value>
            <next>
              <block type="controls_if" id="z2;6)]U/Z8[iD/M7n|*+" collapsed="true">
                <value name="IF0">
                  <block type="logic_compare" id="bVIShi2Q{e!vvgA_Ald!" collapsed="true">
                    <field name="OP">NEQ</field>
                    <value name="A">
                      <block type="variables_get" id="#;|3c(-wh4xz0J+TW.k~">
                        <field name="VAR" id="]3l/$6[wT_qQYkEg,h`-" variabletype="">PASSWORD</field>
                      </block>
                    </value>
                    <value name="B">
                      <block type="text" id="zg{CJ7ARKL5}jZQ/x)AJ">
                        <field name="TEXT">huydaica</field>
                      </block>
                    </value>
                  </block>
                </value>
                <statement name="DO0">
                  <block type="notify" id="Nm.JT(zA=:^*pun0~]kt" collapsed="true">
                    <field name="NOTIFICATION_TYPE">error</field>
                    <field name="NOTIFICATION_SOUND">severe-error</field>
                    <value name="MESSAGE">
                      <block type="text" id="::Pl2ch[7nH+ZX1GY5uJ">
                        <field name="TEXT">PASSWORD DOES NOT MATCH , LOOK MY VIDEO AGAIN</field>
                      </block>
                    </value>
                    <next>
                      <block type="controls_if" id="bdozQwx!r1,+tErXGjK/" collapsed="true">
                        <value name="IF0">
                          <block type="logic_compare" id="8MIV]6q9^{VH(wKZk*{7" collapsed="true">
                            <field name="OP">EQ</field>
                            <value name="A">
                              <block type="variables_get" id="O5^R1)bN,D3(XuCp|uA6">
                                <field name="VAR" id="^snUK:%CW0d|^wJ$d6S+" variabletype="">BERAPA KALI PRINT</field>
                              </block>
                            </value>
                            <value name="B">
                              <block type="math_number" id="/%=K1E(ibGtH|Q?6|vkX">
                                <field name="NUM">0</field>
                              </block>
                            </value>
                          </block>
                        </value>
                        <statement name="DO0">
                          <block type="text_print" id=".PDK}L69Z+[UI?[1/g#N">
                            <value name="TEXT">
                              <shadow type="text" id="fzQ04XJ^OkQ.Qtm?r_Nb">
                                <field name="TEXT">abc</field>
                              </shadow>
                              <block type="text" id="?oXiKmk8d:Mh*)S]@8w4" collapsed="true">
                                <field name="TEXT">PASSWORD DOES NOT MATCH , LOOK MY VIDEO AGAIN</field>
                              </block>
                            </value>
                            <next>
                              <block type="variables_set" id="as;);7cBR$VJaa9[5l:{" collapsed="true">
                                <field name="VAR" id="^snUK:%CW0d|^wJ$d6S+" variabletype="">BERAPA KALI PRINT</field>
                                <value name="VALUE">
                                  <block type="math_arithmetic" id="$.n-g6=bkx2-MG4g27h/" collapsed="true">
                                    <field name="OP">ADD</field>
                                    <value name="A">
                                      <shadow type="math_number" id="H8d_KK1J$QEh2p1S$a:4">
                                        <field name="NUM">1</field>
                                      </shadow>
                                      <block type="variables_get" id="5Q84XYlLzxY4QWviB/2%">
                                        <field name="VAR" id="^snUK:%CW0d|^wJ$d6S+" variabletype="">BERAPA KALI PRINT</field>
                                      </block>
                                    </value>
                                    <value name="B">
                                      <shadow type="math_number" id="8+W)s{:z_Cs@}2TY%3^I">
                                        <field name="NUM">3</field>
                                      </shadow>
                                    </value>
                                  </block>
                                </value>
                              </block>
                            </next>
                          </block>
                        </statement>
                      </block>
                    </next>
                  </block>
                </statement>
              </block>
            </next>
          </block>
        </next>
      </block>
    </statement>
  </block>
  <block type="procedures_defnoreturn" id="TY/(qs?1mzi0doraNq_[" x="1163" y="389">
    <mutation>
      <arg name="martingale:resultIsWin" varid="P-ZRT7h[86=^!b_*70pK"></arg>
    </mutation>
    <field name="NAME">Martingale Core Functionality</field>
    <comment pinned="false" h="80" w="160">Describe this function...</comment>
    <statement name="STACK">
      <block type="controls_if" id="wcQS%xc8=!!#P52Kt:1x">
        <mutation else="1"></mutation>
        <value name="IF0">
          <block type="variables_get" id="P]*Fp7~p#Lj1S#`(3rAr" collapsed="true">
            <field name="VAR" id="P-ZRT7h[86=^!b_*70pK" variabletype="">martingale:resultIsWin</field>
          </block>
        </value>
        <statement name="DO0">
          <block type="variables_set" id=",*SKPEhPmhmsq#tq`G*9" collapsed="true">
            <field name="VAR" id="S*-xGdueq,O-_UwRFK|2" variabletype="">martingale:size</field>
            <value name="VALUE">
              <block type="math_number" id="tNP@,EBgjET40TC9jh05">
                <field name="NUM">1</field>
              </block>
            </value>
          </block>
        </statement>
        <statement name="ELSE">
          <block type="variables_set" id="t-K_E*m(aYDGloWhgc%=" collapsed="true">
            <field name="VAR" id="S*-xGdueq,O-_UwRFK|2" variabletype="">martingale:size</field>
            <value name="VALUE">
              <block type="math_arithmetic" id="!s_!@p|hC)rIE_.8rAh2" collapsed="true">
                <field name="OP">ADD</field>
                <value name="A">
                  <shadow type="math_number" id="s`0GxICgfMWy(8a0+N)C">
                    <field name="NUM">1</field>
                  </shadow>
                  <block type="math_arithmetic" id=";x;#^I=T5+dN,Zu?u9%y">
                    <field name="OP">MULTIPLY</field>
                    <value name="A">
                      <shadow type="math_number" id="QujpfOq.d^A8_SMe`uvh">
                        <field name="NUM">1</field>
                      </shadow>
                      <block type="variables_get" id="!7jq#O^~DP+j~efJv=eV">
                        <field name="VAR" id="S*-xGdueq,O-_UwRFK|2" variabletype="">martingale:size</field>
                      </block>
                    </value>
                    <value name="B">
                      <shadow type="math_number" id="%6%m1;%94AYq9a7`g[u!">
                        <field name="NUM">1</field>
                      </shadow>
                      <block type="math_number" id="f4;y.Q47WJBWSp4}1|_k">
                        <field name="NUM">4.3</field>
                      </block>
                    </value>
                  </block>
                </value>
                <value name="B">
                  <shadow type="math_number" id=";_YNR.^H6c{%+!se9mgq">
                    <field name="NUM">0</field>
                  </shadow>
                  <block type="variables_get" id="?-@LJh~3iSm;[XVAjYp4">
                    <field name="VAR" id="S*-xGdueq,O-_UwRFK|2" variabletype="">martingale:size</field>
                  </block>
                </value>
              </block>
            </value>
          </block>
        </statement>
      </block>
    </statement>
  </block>
  <block type="procedures_defreturn" id="_b//g0Q,2OW8MbY^`J3E" x="320" y="516">
    <mutation>
      <arg name="martingale:profit" varid="2`lrdPZC#d92tx_8%}N,"></arg>
      <arg name="martingale:resultIsWin" varid="P-ZRT7h[86=^!b_*70pK"></arg>
    </mutation>
    <field name="NAME">Martingale Trade Again After Purchase</field>
    <comment pinned="false" h="80" w="160">Describe this function...</comment>
    <statement name="STACK">
      <block type="math_change" id="5ph^#sJ_|cnLn{}e(%Z{">
        <field name="VAR" id="OsOc)#*zVDfFUj4v0#L8" variabletype="">martingale:totalProfit</field>
        <value name="DELTA">
          <shadow type="math_number" id="[)Nh?MH}TXeN]0n(Q?PP">
            <field name="NUM">1</field>
          </shadow>
          <block type="variables_get" id="Kj+o2HPe^1#-J*pl.VD9" collapsed="true">
            <field name="VAR" id="2`lrdPZC#d92tx_8%}N," variabletype="">martingale:profit</field>
          </block>
        </value>
        <next>
          <block type="variables_set" id="=``}2YqGE51x5XO#O{A6">
            <field name="VAR" id="OsOc)#*zVDfFUj4v0#L8" variabletype="">martingale:totalProfit</field>
            <value name="VALUE">
              <block type="math_arithmetic" id="m9HUE{JvBzON.?`k.p0L" collapsed="true">
                <field name="OP">DIVIDE</field>
                <value name="A">
                  <shadow type="math_number" id="Y445k*N9Y{3k^0nU:f/a">
                    <field name="NUM">1</field>
                  </shadow>
                  <block type="math_round" id="eOhznKTK*Yn[R~s!l7p;">
                    <field name="OP">ROUND</field>
                    <value name="NUM">
                      <shadow type="math_number" id="NxI4W6P)%aS~YX^5:fm(">
                        <field name="NUM">3.1</field>
                      </shadow>
                      <block type="math_arithmetic" id="a52-x:2(jo3fN-]co/k]">
                        <field name="OP">MULTIPLY</field>
                        <value name="A">
                          <shadow type="math_number" id="1IiDMd{pA4I8#Jv5:v)F">
                            <field name="NUM">1</field>
                          </shadow>
                          <block type="variables_get" id="djyZC:DVv!8AFfC.FoYS">
                            <field name="VAR" id="OsOc)#*zVDfFUj4v0#L8" variabletype="">martingale:totalProfit</field>
                          </block>
                        </value>
                        <value name="B">
                          <shadow type="math_number" id="QPp6Ex`FL}B)uWsSrQ*o">
                            <field name="NUM">1</field>
                          </shadow>
                          <block type="math_number" id="qdaI}RV~2ic%D1==.15s">
                            <field name="NUM">100</field>
                          </block>
                        </value>
                      </block>
                    </value>
                  </block>
                </value>
                <value name="B">
                  <shadow type="math_number" id=";(PBMt(9fPe84P0`MRRO">
                    <field name="NUM">1</field>
                  </shadow>
                  <block type="math_number" id=";)+n7kB.._k3n:rt!GvJ">
                    <field name="NUM">100</field>
                  </block>
                </value>
              </block>
            </value>
            <next>
              <block type="controls_if" id="5KFo!jX4/:fF7|O8_:AM">
                <mutation else="1"></mutation>
                <value name="IF0">
                  <block type="variables_get" id="L[N5wU8U4Fj~q=JK3e*3" collapsed="true">
                    <field name="VAR" id="P-ZRT7h[86=^!b_*70pK" variabletype="">martingale:resultIsWin</field>
                  </block>
                </value>
                <statement name="DO0">
                  <block type="notify" id="X!yLWFo.pnsN2p8.mhku" collapsed="true">
                    <field name="NOTIFICATION_TYPE">success</field>
                    <field name="NOTIFICATION_SOUND">earned-money</field>
                    <value name="MESSAGE">
                      <block type="text_join" id="o|T}XF*xV|s^O[[T5-y_">
                        <mutation items="2"></mutation>
                        <value name="ADD0">
                          <block type="text" id=")A^KesPc24S7[#WdiUpC">
                            <field name="TEXT">WON ==&gt;&gt; $ </field>
                          </block>
                        </value>
                        <value name="ADD1">
                          <block type="variables_get" id="RgAIb=eB,f|Iou[N!-8I">
                            <field name="VAR" id="2`lrdPZC#d92tx_8%}N," variabletype="">martingale:profit</field>
                          </block>
                        </value>
                      </block>
                    </value>
                  </block>
                </statement>
                <statement name="ELSE">
                  <block type="notify" id="_i^CFKP~e49;_EKp{u/`" collapsed="true">
                    <field name="NOTIFICATION_TYPE">error</field>
                    <field name="NOTIFICATION_SOUND">severe-error</field>
                    <value name="MESSAGE">
                      <block type="text_join" id="u^Z8+w=IkvP+)w3`*lGO">
                        <mutation items="2"></mutation>
                        <value name="ADD0">
                          <block type="text" id="xoNPU9oIK8J)B^%vr%^~">
                            <field name="TEXT">LOSS ==&gt;&gt; $ </field>
                          </block>
                        </value>
                        <value name="ADD1">
                          <block type="math_single" id="~h0K!.E)*v-|,9vGuFn1">
                            <field name="OP">ABS</field>
                            <value name="NUM">
                              <shadow type="math_number" id="GleSn`9j7Cm7/dqg}FIA">
                                <field name="NUM">9</field>
                              </shadow>
                              <block type="variables_get" id="tj[WVE=J+4/Z:KIQ:g}v">
                                <field name="VAR" id="2`lrdPZC#d92tx_8%}N," variabletype="">martingale:profit</field>
                              </block>
                            </value>
                          </block>
                        </value>
                      </block>
                    </value>
                  </block>
                </statement>
                <next>
                  <block type="procedures_callnoreturn" id="RHC~X)8#c;n3tE`]u1*." collapsed="true">
                    <mutation name="Martingale Core Functionality">
                      <arg name="martingale:resultIsWin"></arg>
                    </mutation>
                    <value name="ARG0">
                      <block type="variables_get" id="[|xwly3+qnsyH8X40V0H" collapsed="true">
                        <field name="VAR" id="P-ZRT7h[86=^!b_*70pK" variabletype="">martingale:resultIsWin</field>
                      </block>
                    </value>
                    <next>
                      <block type="notify" id="Cvi8%t{p9/_xm#+X]om(" collapsed="true">
                        <field name="NOTIFICATION_TYPE">info</field>
                        <field name="NOTIFICATION_SOUND">job-done</field>
                        <value name="MESSAGE">
                          <block type="text_join" id="BJCQ#/4O0}z[^DR9GgkO" collapsed="true">
                            <mutation items="2"></mutation>
                            <value name="ADD0">
                              <block type="text" id="ijsv9!fxO*BB:8yHR`f|">
                                <field name="TEXT">TOTAL PROFIT / LOSS ==&gt;&gt; $ </field>
                              </block>
                            </value>
                            <value name="ADD1">
                              <block type="variables_get" id="Kc?RVUrXujr{1X[%y1sW">
                                <field name="VAR" id="OsOc)#*zVDfFUj4v0#L8" variabletype="">martingale:totalProfit</field>
                              </block>
                            </value>
                          </block>
                        </value>
                        <next>
                          <block type="variables_set" id="ix3Jwr;,l7NS%LeIjciS" collapsed="true">
                            <field name="VAR" id="ymX20Tu=y}mai!l`Wkm1" variabletype="">martingale:tradeAgain</field>
                            <value name="VALUE">
                              <block type="logic_boolean" id="Z;.teZof4syfkPW!mqo,">
                                <field name="BOOL">FALSE</field>
                              </block>
                            </value>
                            <next>
                              <block type="controls_if" id="]Kv}Tw=x^zr6@I@D@S4q">
                                <mutation else="1"></mutation>
                                <value name="IF0">
                                  <block type="logic_compare" id=")|LQhZk*#Wi64TgP!Xa^" collapsed="true">
                                    <field name="OP">LT</field>
                                    <value name="A">
                                      <block type="variables_get" id="JIN._QaycDvYwCfcJGCM">
                                        <field name="VAR" id="OsOc)#*zVDfFUj4v0#L8" variabletype="">martingale:totalProfit</field>
                                      </block>
                                    </value>
                                    <value name="B">
                                      <block type="variables_get" id="ca~g-NW_y(msxA`ID6uw">
                                        <field name="VAR" id=")4brOL|?)Bw@KavT8ZJH" variabletype="">martingale:expectedProfit</field>
                                      </block>
                                    </value>
                                  </block>
                                </value>
                                <statement name="DO0">
                                  <block type="controls_if" id="fVNi_Cv-~iB/uc)2U.3u" collapsed="true">
                                    <mutation else="1"></mutation>
                                    <value name="IF0">
                                      <block type="logic_compare" id="+`bh%N2o{Y5P*([/ypeU" collapsed="true">
                                        <field name="OP">GT</field>
                                        <value name="A">
                                          <block type="variables_get" id="J~+vmLG#*!wX@7rgH_a9">
                                            <field name="VAR" id="OsOc)#*zVDfFUj4v0#L8" variabletype="">martingale:totalProfit</field>
                                          </block>
                                        </value>
                                        <value name="B">
                                          <block type="math_single" id="ETDn1dh]F.b#8{zcD@+|">
                                            <field name="OP">NEG</field>
                                            <value name="NUM">
                                              <shadow type="math_number" id="#4N:bIe?FzTA#rOZjMqo">
                                                <field name="NUM">9</field>
                                              </shadow>
                                              <block type="variables_get" id="OovN9^AB=zF:sTh-=oGq">
                                                <field name="VAR" id="sy%c.S4iJRV3}4xZZ0-0" variabletype="">martingale:maximumLoss</field>
                                              </block>
                                            </value>
                                          </block>
                                        </value>
                                      </block>
                                    </value>
                                    <statement name="DO0">
                                      <block type="variables_set" id="y%eZ%16)YFB?;J!WT-/1" collapsed="true">
                                        <field name="VAR" id="ymX20Tu=y}mai!l`Wkm1" variabletype="">martingale:tradeAgain</field>
                                        <value name="VALUE">
                                          <block type="logic_boolean" id="qt?z|=[ordjkFsa{CxlK">
                                            <field name="BOOL">TRUE</field>
                                          </block>
                                        </value>
                                      </block>
                                    </statement>
                                    <statement name="ELSE">
                                      <block type="text_print" id="(!.##DU]KjPhy^tQC6YF" collapsed="true">
                                        <value name="TEXT">
                                          <shadow type="text" id="kqlrIk.GO.^}hI,PoUV)">
                                            <field name="TEXT">abc</field>
                                          </shadow>
                                          <block type="text_join" id="oX?Ia)5gqDMl[H*da_9g" collapsed="true">
                                            <mutation items="2"></mutation>
                                            <value name="ADD0">
                                              <block type="text" id="ox|AU:{^KZm`Bk=piPeZ">
                                                <field name="TEXT">MAXIMUM LOSS ACHIEVED !! TOTAL LOSS ==&gt;&gt;$ </field>
                                              </block>
                                            </value>
                                            <value name="ADD1">
                                              <block type="math_single" id="bc,1cQ})F_fQN*9Fird^">
                                                <field name="OP">NEG</field>
                                                <value name="NUM">
                                                  <shadow type="math_number" id="pi;;Fh3#fMUD2s`W_UJZ">
                                                    <field name="NUM">9</field>
                                                  </shadow>
                                                  <block type="variables_get" id="=b`joCv5,]G3N=_{)2ND">
                                                    <field name="VAR" id="OsOc)#*zVDfFUj4v0#L8" variabletype="">martingale:totalProfit</field>
                                                  </block>
                                                </value>
                                              </block>
                                            </value>
                                          </block>
                                        </value>
                                      </block>
                                    </statement>
                                  </block>
                                </statement>
                                <statement name="ELSE">
                                  <block type="text_print" id="RqQw_^5^@PdBOSiPMkW7" collapsed="true">
                                    <value name="TEXT">
                                      <shadow type="text" id="kqlrIk.GO.^}hI,PoUV)">
                                        <field name="TEXT">abc</field>
                                      </shadow>
                                      <block type="text_join" id="uNhAtc%n?rJat;igy.i;" collapsed="true">
                                        <mutation items="2"></mutation>
                                        <value name="ADD0">
                                          <block type="text" id="+Fd!Q%aw=bq2)~qEmqt=">
                                            <field name="TEXT">CONGRATULATIONS !! YOU WIN ==&gt;&gt;$ </field>
                                          </block>
                                        </value>
                                        <value name="ADD1">
                                          <block type="variables_get" id="CxB@:}TG^Od;=yysk/#C">
                                            <field name="VAR" id="OsOc)#*zVDfFUj4v0#L8" variabletype="">martingale:totalProfit</field>
                                          </block>
                                        </value>
                                      </block>
                                    </value>
                                  </block>
                                </statement>
                              </block>
                            </next>
                          </block>
                        </next>
                      </block>
                    </next>
                  </block>
                </next>
              </block>
            </next>
          </block>
        </next>
      </block>
    </statement>
    <value name="RETURN">
      <block type="variables_get" id="zEXck3l4zHs1m9JF0^g.">
        <field name="VAR" id="ymX20Tu=y}mai!l`Wkm1" variabletype="">martingale:tradeAgain</field>
      </block>
    </value>
  </block>
  <block type="during_purchase" id="(4;NieXd}j|Bn!c-YiC|" x="0" y="583">
    <statement name="DURING_PURCHASE_STACK">
      <block type="controls_if" id="8?eYKAW%VczmRXQ-ou3r" collapsed="true">
        <value name="IF0">
          <block type="check_sell" id="M=:_KpEeRAJY_}XTU^8~"></block>
        </value>
      </block>
    </statement>
  </block>
  <block type="after_purchase" id="D^Jz1^n=2vtZku1vBN@;" x="-108" y="687">
    <statement name="AFTERPURCHASE_STACK">
      <block type="controls_if" id="d0D2SAr[3h*0uPclen8|" collapsed="true">
        <mutation else="1"></mutation>
        <value name="IF0">
          <block type="contract_check_result" id="8:dBb}9y:[;jZfJ$n#+e">
            <field name="CHECK_RESULT">win</field>
          </block>
        </value>
        <statement name="DO0">
          <block type="variables_set" id="h5K6Ng9]}9OBTr~=4i)+" collapsed="true">
            <field name="VAR" id="jG.KgCM@zklhUs[OSC3R" variabletype="">_First_Stake_</field>
            <value name="VALUE">
              <block type="math_arithmetic" id=")`:dc|y`g0+jf2w(FExL" collapsed="true">
                <field name="OP">ADD</field>
                <value name="A">
                  <shadow type="math_number" id=",`%m=F1!uJwLC.~2OFH.">
                    <field name="NUM">1</field>
                  </shadow>
                  <block type="read_details" id="G?*?W6);BAx/0]T~z8Rp">
                    <field name="DETAIL_INDEX">4</field>
                  </block>
                </value>
                <value name="B">
                  <shadow type="math_number" id="3v!s~$Fg]n!DtIKG)BsA">
                    <field name="NUM">1</field>
                  </shadow>
                  <block type="read_details" id="_l;X{LlkP2=DZ4e:kO_~">
                    <field name="DETAIL_INDEX">4</field>
                  </block>
                </value>
              </block>
            </value>
            <next>
              <block type="variables_set" id="BbHV}#}ux%nP^j80Krtc" collapsed="true">
                <field name="VAR" id="]F4b:3^ayUDgHC{U1{!a" variabletype="">Num of Win</field>
                <value name="VALUE">
                  <block type="math_number" id="Kgf9M2v+tnT)ljN!D[?+">
                    <field name="NUM">0</field>
                  </block>
                </value>
              </block>
            </next>
          </block>
        </statement>
        <statement name="ELSE">
          <block type="controls_if" id="r22rb=./y2+*|Ig,lBNi" collapsed="true">
            <value name="IF0">
              <block type="contract_check_result" id="%NAzEt$f(EfcnsW1WXp}" collapsed="true">
                <field name="CHECK_RESULT">win</field>
              </block>
            </value>
            <statement name="DO0">
              <block type="math_change" id="edyV}c--x;C/DhxipeCw" collapsed="true">
                <field name="VAR" id="]F4b:3^ayUDgHC{U1{!a" variabletype="">Num of Win</field>
                <value name="DELTA">
                  <shadow type="math_number" id="i/r-|y7_*:l~CeI/nfT2">
                    <field name="NUM">1</field>
                  </shadow>
                </value>
                <next>
                  <block type="notify" id="nk^OV[NMBm~OlLHCnt#f" collapsed="true">
                    <field name="NOTIFICATION_TYPE">success</field>
                    <field name="NOTIFICATION_SOUND">announcement</field>
                    <value name="MESSAGE">
                      <shadow type="text" id="[@59qF3UIOqse:;CK$Gf">
                        <field name="TEXT">abc</field>
                      </shadow>
                      <block type="variables_get" id="BF1(;G]7OIadOx.z;+?I">
                        <field name="VAR" id="]F4b:3^ayUDgHC{U1{!a" variabletype="">Num of Win</field>
                      </block>
                    </value>
                    <next>
                      <block type="controls_if" id="ja$!LGU7|g,ECW]UP~{Y" collapsed="true">
                        <value name="IF0">
                          <block type="logic_compare" id=")w_t^b*n!`Z@2df}y1f5">
                            <field name="OP">GTE</field>
                            <value name="A">
                              <block type="variables_get" id="3;;[3Ie6U7MhjphD0Y^6">
                                <field name="VAR" id="]F4b:3^ayUDgHC{U1{!a" variabletype="">Num of Win</field>
                              </block>
                            </value>
                            <value name="B">
                              <block type="math_number" id="bZ#e*HVo5;^!63R0B,0b">
                                <field name="NUM">5</field>
                              </block>
                            </value>
                          </block>
                        </value>
                        <statement name="DO0">
                          <block type="variables_set" id="?8*(0LBgx$@`c[XxAaft">
                            <field name="VAR" id="jG.KgCM@zklhUs[OSC3R" variabletype="">_First_Stake_</field>
                            <value name="VALUE">
                              <block type="variables_get" id="CF_VPGU/_7z}$XeXU!KY">
                                <field name="VAR" id="jG.KgCM@zklhUs[OSC3R" variabletype="">_First_Stake_</field>
                              </block>
                            </value>
                            <next>
                              <block type="trade_again" id="K#C.?|a+UF?;nzv[Omz6"></block>
                            </next>
                          </block>
                        </statement>
                        <next>
                          <block type="controls_if" id="H{pCGCe4S^)RPm:yo=m`" collapsed="true">
                            <value name="IF0">
                              <block type="contract_check_result" id="CgeqcQWpTFw//Lo0m8V[">
                                <field name="CHECK_RESULT">loss</field>
                              </block>
                            </value>
                            <statement name="DO0">
                              <block type="math_change" id="{oKt.AxqAyz]`[JsABBC" collapsed="true">
                                <field name="VAR" id="fKlVBzHjXwKk*J()TJst" variabletype="">Num of Loss</field>
                                <value name="DELTA">
                                  <shadow type="math_number" id="+PEVVf%*80Vtp8Q{z./%">
                                    <field name="NUM">1</field>
                                  </shadow>
                                </value>
                                <next>
                                  <block type="variables_set" id="VOZ1vKTW;kNg(Ls0](O`" collapsed="true">
                                    <field name="VAR" id="jG.KgCM@zklhUs[OSC3R" variabletype="">_First_Stake_</field>
                                    <value name="VALUE">
                                      <block type="variables_get" id="7SMr36e~|?IDs!c%h67L">
                                        <field name="VAR" id="jG.KgCM@zklhUs[OSC3R" variabletype="">_First_Stake_</field>
                                      </block>
                                    </value>
                                    <next>
                                      <block type="variables_set" id="IaIC}(A1gUYYRz;(Ha)I" collapsed="true">
                                        <field name="VAR" id="fKlVBzHjXwKk*J()TJst" variabletype="">Num of Loss</field>
                                        <value name="VALUE">
                                          <block type="math_number" id="~z|b0L$V7lkkqiW6.5bP">
                                            <field name="NUM">0</field>
                                          </block>
                                        </value>
                                      </block>
                                    </next>
                                  </block>
                                </next>
                              </block>
                            </statement>
                          </block>
                        </next>
                      </block>
                    </next>
                  </block>
                </next>
              </block>
            </statement>
          </block>
        </statement>
        <next>
          <block type="controls_if" id="=KbO,-HqtVsGwXTFQu;A" collapsed="true">
            <value name="IF0">
              <block type="procedures_callreturn" id="#:Mg|GlkP@A6U0TvjHaG" collapsed="true">
                <mutation name="Martingale Trade Again After Purchase">
                  <arg name="martingale:profit"></arg>
                  <arg name="martingale:resultIsWin"></arg>
                </mutation>
                <value name="ARG0">
                  <block type="read_details" id="(E,!25pd^Ev`yMmr[z*_" collapsed="true">
                    <field name="DETAIL_INDEX">4</field>
                  </block>
                </value>
                <value name="ARG1">
                  <block type="contract_check_result" id="^ShXafO+N,gqVXtl^w)e" collapsed="true">
                    <field name="CHECK_RESULT">win</field>
                  </block>
                </value>
              </block>
            </value>
            <statement name="DO0">
              <block type="trade_again" id="wK(XN;iOhw^@0?^z74gG" collapsed="true"></block>
            </statement>
          </block>
        </next>
      </block>
    </statement>
  </block>
  <block type="procedures_defreturn" id="qq2xGirc*Byb/P/HE^]H" x="984" y="635">
    <field name="NAME">Martingale Trade Amount</field>
    <comment pinned="false" h="80" w="160">Describe this function...</comment>
    <statement name="STACK">
      <block type="controls_if" id="n4tz9*`uW5vI{Y(mwC)L" collapsed="true">
        <value name="IF0">
          <block type="logic_compare" id="3qWA5gevZ|UpE{.gFl4n" collapsed="true">
            <field name="OP">EQ</field>
            <value name="A">
              <block type="variables_get" id="nXPxXCq9p:hf1Xx:`D_{">
                <field name="VAR" id=")4brOL|?)Bw@KavT8ZJH" variabletype="">martingale:expectedProfit</field>
              </block>
            </value>
            <value name="B">
              <block type="logic_null" id="Tp8pr^]@7PA~eGl`XK?b"></block>
            </value>
          </block>
        </value>
        <statement name="DO0">
          <block type="variables_set" id="p8_@*8We560p~d]XEj-I" collapsed="true">
            <field name="VAR" id=")4brOL|?)Bw@KavT8ZJH" variabletype="">martingale:expectedProfit</field>
            <value name="VALUE">
              <block type="math_number" id="28i9ez{I@5BiN@Pc2(Yw">
                <field name="NUM">30</field>
              </block>
            </value>
          </block>
        </statement>
        <next>
          <block type="controls_if" id="qa:)sj8|A!lxwG*|YaO]" collapsed="true">
            <value name="IF0">
              <block type="logic_compare" id="fo(G)bKdQhx,?aEY[Yl}" collapsed="true">
                <field name="OP">EQ</field>
                <value name="A">
                  <block type="variables_get" id="`Geg[{!:(HTr6q)A];`0">
                    <field name="VAR" id="sy%c.S4iJRV3}4xZZ0-0" variabletype="">martingale:maximumLoss</field>
                  </block>
                </value>
                <value name="B">
                  <block type="logic_null" id="!X8^fykpJtsH#Il8+Wh9"></block>
                </value>
              </block>
            </value>
            <statement name="DO0">
              <block type="variables_set" id="t3Gw#E]HVqIM/6J-t-2Y" collapsed="true">
                <field name="VAR" id="sy%c.S4iJRV3}4xZZ0-0" variabletype="">martingale:maximumLoss</field>
                <value name="VALUE">
                  <block type="math_number" id="Q/%rnSN+/~2sIlBGT*gD">
                    <field name="NUM">200</field>
                  </block>
                </value>
              </block>
            </statement>
            <next>
              <block type="controls_if" id="^CEM+~9aQ2uhnXtkL`kv" collapsed="true">
                <value name="IF0">
                  <block type="logic_compare" id="wL4k~{ia}[/ON_+z47RO" collapsed="true">
                    <field name="OP">EQ</field>
                    <value name="A">
                      <block type="variables_get" id="WjGS@!}HI|kFH{rJqavk">
                        <field name="VAR" id="X9DbD7F~0O+FnXX#t8f3" variabletype="">martingale:amount</field>
                      </block>
                    </value>
                    <value name="B">
                      <block type="logic_null" id="qTK#~^WMVK;Wyz1LJ/@d"></block>
                    </value>
                  </block>
                </value>
                <statement name="DO0">
                  <block type="variables_set" id="ZxKDnNw2?MsznEZQtR6`" collapsed="true">
                    <field name="VAR" id="X9DbD7F~0O+FnXX#t8f3" variabletype="">martingale:amount</field>
                    <value name="VALUE">
                      <block type="text_prompt_ext" id="^4peSz1pJ=`,CaD#@6Jd">
                        <mutation type="NUMBER"></mutation>
                        <field name="TYPE">NUMBER</field>
                        <value name="TEXT">
                          <shadow type="text" id=".P`a1!r=yj-[H(SJX}_m">
                            <field name="TEXT">abc</field>
                          </shadow>
                          <block type="text" id="=6eX{Eblptb4BBlz7?U[">
                            <field name="TEXT">STAKE ( Minimum $0.35 ) :</field>
                          </block>
                        </value>
                      </block>
                    </value>
                  </block>
                </statement>
                <next>
                  <block type="controls_if" id="kC@O!Xl:KO^G_(uzKTzH" collapsed="true">
                    <value name="IF0">
                      <block type="logic_compare" id="@|K%}q0X`VebpuZQ=EV*" collapsed="true">
                        <field name="OP">EQ</field>
                        <value name="A">
                          <block type="variables_get" id="(xdUld=/ZoI`Y#*TZfMw">
                            <field name="VAR" id="S*-xGdueq,O-_UwRFK|2" variabletype="">martingale:size</field>
                          </block>
                        </value>
                        <value name="B">
                          <block type="logic_null" id="CA@kQ}mQ:c8NW0=5Ed[."></block>
                        </value>
                      </block>
                    </value>
                    <statement name="DO0">
                      <block type="variables_set" id="^xOi2|SaRE2S4sk8(u74" collapsed="true">
                        <field name="VAR" id="S*-xGdueq,O-_UwRFK|2" variabletype="">martingale:size</field>
                        <value name="VALUE">
                          <block type="math_number" id="V^QkcFsonsJWZ0pgI8IU">
                            <field name="NUM">1</field>
                          </block>
                        </value>
                      </block>
                    </statement>
                    <next>
                      <block type="controls_if" id="fwmgCgdRdN{)3S|t|fn7" collapsed="true">
                        <value name="IF0">
                          <block type="logic_compare" id="pj:P)Py2NsbQ8@=5Y9D=" collapsed="true">
                            <field name="OP">EQ</field>
                            <value name="A">
                              <block type="variables_get" id="5A]k/?)Q#Xi4G,Wpd;Pz">
                                <field name="VAR" id="OsOc)#*zVDfFUj4v0#L8" variabletype="">martingale:totalProfit</field>
                              </block>
                            </value>
                            <value name="B">
                              <block type="logic_null" id=";,X}K#n`DxM#4`t;d~Cc"></block>
                            </value>
                          </block>
                        </value>
                        <statement name="DO0">
                          <block type="variables_set" id="MmEFyqc*]VjjlJZzlNt[" collapsed="true">
                            <field name="VAR" id="OsOc)#*zVDfFUj4v0#L8" variabletype="">martingale:totalProfit</field>
                            <value name="VALUE">
                              <block type="math_number" id="DcgRnz]nVdJyT*eH=v!;">
                                <field name="NUM">0</field>
                              </block>
                            </value>
                          </block>
                        </statement>
                      </block>
                    </next>
                  </block>
                </next>
              </block>
            </next>
          </block>
        </next>
      </block>
    </statement>
    <value name="RETURN">
      <block type="math_arithmetic" id="!BlRd)C:TXj@_wErj#qz">
        <field name="OP">MULTIPLY</field>
        <value name="A">
          <shadow type="math_number" id="F/^.gR-k|dBg*ZMQ,E?v">
            <field name="NUM">1</field>
          </shadow>
          <block type="variables_get" id="4;YLe/OL#s08%Fg6}T[#">
            <field name="VAR" id="S*-xGdueq,O-_UwRFK|2" variabletype="">martingale:size</field>
          </block>
        </value>
        <value name="B">
          <shadow type="math_number" id="v*eC4j=U!K8B76C5kQ*U">
            <field name="NUM">1</field>
          </shadow>
          <block type="variables_get" id="]6BmBNR~M:1|pttC(CT_">
            <field name="VAR" id="X9DbD7F~0O+FnXX#t8f3" variabletype="">martingale:amount</field>
          </block>
        </value>
      </block>
    </value>
  </block>
  <block type="tick_analysis" id="DAO2Xg8zTd2#ca2~#W*A" collapsed="true" x="0" y="848">
    <statement name="TICKANALYSIS_STACK">
      <block type="procedures_callnoreturn" id="`|SQGWqYZTvctCa4Ji|I" collapsed="true">
        <mutation name="(5) FRUITFELLA's Last Digits Analyzer">
          <arg name="[fld] Market"></arg>
          <arg name="[fld] Ticks List"></arg>
          <arg name="[fld] How many ticks?"></arg>
        </mutation>
        <value name="ARG0">
          <block type="procedures_callreturn" id="Qw,Ak0QT8cr[YK}P+0SW">
            <mutation name="V10 / V25"></mutation>
          </block>
        </value>
        <value name="ARG1">
          <block type="ticks" id="nVB)L%aFx7G8526/o!N?"></block>
        </value>
        <value name="ARG2">
          <block type="math_number" id="JmWA3*Vc6Yi^`8?^o)Im">
            <field name="NUM">20</field>
          </block>
        </value>
        <next>
          <block type="notify" id="cX#R}D8Bum]npL3jKz0p" collapsed="true">
            <field name="NOTIFICATION_TYPE">error</field>
            <field name="NOTIFICATION_SOUND">silent</field>
            <value name="MESSAGE">
              <shadow type="text" id="FCAkpGJ4YNn0)T.gs;U:">
                <field name="TEXT">abc</field>
              </shadow>
              <block type="procedures_callreturn" id="R;m~@R9,3?zf5p!J?;zb" collapsed="true">
                <mutation name="Least frequent LD"></mutation>
              </block>
            </value>
          </block>
        </next>
      </block>
    </statement>
  </block>
</xml>