﻿<xml xmlns="http://www.w3.org/1999/xhtml" collection="false">
  <variables>
    <variable type="" id="=$[%bU#P2H?yx_sl/3?S">TARGET PROFIT (&lt;TP&gt;)</variable>
    <variable type="" id=";MFj@#BM+o5.@hRRW45f">WAIT</variable>
    <variable type="" id="f2ppL=P[i:o[TVEuU6n}">STAKE</variable>
    <variable type="" id=".ueamwI]`w[#9C_;]cNg">STAKE AWAL</variable>
    <variable type="" id="CYvLPs2?+MNI{Texxq+y">MARTI</variable>
    <variable type="" id="n:A}H6=|acb7(^1uTAqc">LOSS-COUNTER</variable>
    <variable type="" id="yF}91j}3xgw6}ppw?7|7">STAKE-INCREATMENT</variable>
  </variables>
  <block type="trade" id="trade" x="0" y="0">
    <field name="MARKET_LIST">volidx</field>
    <field name="SUBMARKET_LIST">random_index</field>
    <field name="SYMBOL_LIST">R_100</field>
    <field name="TRADETYPECAT_LIST">callput</field>
    <field name="TRADETYPE_LIST">risefall</field>
    <field name="TYPE_LIST">both</field>
    <field name="CANDLEINTERVAL_LIST">60</field>
    <field name="TIME_MACHINE_ENABLED">FALSE</field>
    <field name="RESTARTONERROR">TRUE</field>
    <statement name="INITIALIZATION">
      <block type="variables_set" id="X)]C^zXC,0LdD=8(iX/^">
        <field name="VAR" id="=$[%bU#P2H?yx_sl/3?S" variabletype="">TARGET PROFIT (&lt;TP&gt;)</field>
        <value name="VALUE">
          <block type="math_number" id="iwOaGU%bvdTaPyh9HaGn">
            <field name="NUM">100</field>
          </block>
        </value>
        <next>
          <block type="variables_set" id="z!L]O5,.V(O9j}^5ePh^">
            <field name="VAR" id="f2ppL=P[i:o[TVEuU6n}" variabletype="">STAKE</field>
            <value name="VALUE">
              <block type="math_number" id="Kza%y1KL(OV3{7b)D$*U">
                <field name="NUM">1</field>
              </block>
            </value>
            <next>
              <block type="variables_set" id="`a[FcdF-kE_VmEbhBWGY">
                <field name="VAR" id="CYvLPs2?+MNI{Texxq+y" variabletype="">MARTI</field>
                <value name="VALUE">
                  <block type="math_number" id="NLC#3(f5g;4yHp#[e;,@">
                    <field name="NUM">1.1</field>
                  </block>
                </value>
                <next>
                  <block type="variables_set" id="h(e;6EgBYq]Cx7s7qwMQ">
                    <field name="VAR" id=".ueamwI]`w[#9C_;]cNg" variabletype="">STAKE AWAL</field>
                    <value name="VALUE">
                      <block type="variables_get" id="cX+-`aPXkVXT#YboxT{r">
                        <field name="VAR" id="f2ppL=P[i:o[TVEuU6n}" variabletype="">STAKE</field>
                      </block>
                    </value>
                    <next>
                      <block type="variables_set" id="ry0``CWnfVgR-.T@;O|6">
                        <field name="VAR" id="yF}91j}3xgw6}ppw?7|7" variabletype="">STAKE-INCREATMENT</field>
                        <value name="VALUE">
                          <block type="math_number" id="FCk$wUt~*qfkL5:l)x1I">
                            <field name="NUM">1</field>
                          </block>
                        </value>
                      </block>
                    </next>
                  </block>
                </next>
              </block>
            </next>
          </block>
        </next>
      </block>
    </statement>
    <statement name="SUBMARKET">
      <block type="tradeOptions" id="*Eu{@$V1#hZNU~0k|5^N">
        <field name="DURATIONTYPE_LIST">t</field>
        <field name="CURRENCY_LIST">USD</field>
        <value name="DURATION">
          <block type="math_number" id="MJ;a49cJPkW1rMg1[2]H">
            <field name="NUM">5</field>
          </block>
        </value>
        <value name="AMOUNT">
          <block type="variables_get" id="d3ogFB^}OSZ;%jTB[_$,">
            <field name="VAR" id=".ueamwI]`w[#9C_;]cNg" variabletype="">STAKE AWAL</field>
          </block>
        </value>
      </block>
    </statement>
  </block>
  <block type="after_purchase" id="finish" x="667" y="2">
    <statement name="AFTERPURCHASE_STACK">
      <block type="variables_set" id="NmsA8/z-a,=|J,_I4Qhn">
        <field name="VAR" id=";MFj@#BM+o5.@hRRW45f" variabletype="">WAIT</field>
        <value name="VALUE">
          <block type="math_number" id="Fy@.}28WQKCft5az!S$i">
            <field name="NUM">10</field>
          </block>
        </value>
        <next>
          <block type="controls_if" id="%@(f!*AdEFLsr!3OgGRm">
            <mutation else="1"></mutation>
            <value name="IF0">
              <block type="contract_check_result" id=":BL^MmsJ02#UKpQ48{^*">
                <field name="CHECK_RESULT">win</field>
              </block>
            </value>
            <statement name="DO0">
              <block type="notify" id="0CPvA3`lf@Qx[ek{^V[y">
                <field name="NOTIFICATION_TYPE">success</field>
                <field name="NOTIFICATION_SOUND">silent</field>
                <value name="MESSAGE">
                  <block type="text_join" id="}#lG|6v#h3a}q2JqY=$v">
                    <mutation items="2"></mutation>
                    <value name="ADD0">
                      <block type="text" id="3J^K2hCy.2g!jJdo}hH8">
                        <field name="TEXT">Alhamdullilah Profit :</field>
                      </block>
                    </value>
                    <value name="ADD1">
                      <block type="read_details" id="?eO3`-cS%?ftQ.7kJAT3">
                        <field name="DETAIL_INDEX">4</field>
                      </block>
                    </value>
                  </block>
                </value>
                <next>
                  <block type="variables_set" id="2+}Y:XAT4)33o?d;Vi[u">
                    <field name="VAR" id="n:A}H6=|acb7(^1uTAqc" variabletype="">LOSS-COUNTER</field>
                    <value name="VALUE">
                      <block type="math_number" id="(U|q}:5NE~XQMr+^T8CG">
                        <field name="NUM">0</field>
                      </block>
                    </value>
                    <next>
                      <block type="variables_set" id="y7bk0OMGBxfi6w;xNrJ~">
                        <field name="VAR" id=".ueamwI]`w[#9C_;]cNg" variabletype="">STAKE AWAL</field>
                        <value name="VALUE">
                          <block type="variables_get" id="z|H4LPY2Fjyng9V^|qfS">
                            <field name="VAR" id="f2ppL=P[i:o[TVEuU6n}" variabletype="">STAKE</field>
                          </block>
                        </value>
                      </block>
                    </next>
                  </block>
                </next>
              </block>
            </statement>
            <statement name="ELSE">
              <block type="notify" id="FV]yRgOG.y-U3KEL}dkJ">
                <field name="NOTIFICATION_TYPE">error</field>
                <field name="NOTIFICATION_SOUND">silent</field>
                <value name="MESSAGE">
                  <block type="text_join" id="OCbUT#,K;f(s}!AZlYnk">
                    <mutation items="2"></mutation>
                    <value name="ADD0">
                      <block type="text" id=".feu{)=O;5Fp]iFy:KOL">
                        <field name="TEXT">SABAR,, YAKIN DAN HARUS TETAP SEMANGAT $ </field>
                      </block>
                    </value>
                    <value name="ADD1">
                      <block type="math_single" id="mr`NdH!rXoJH%[Crmxv^">
                        <field name="OP">ABS</field>
                        <value name="NUM">
                          <shadow type="math_number" id="l,[_k7Ai`gP6FQ~M}_{}">
                            <field name="NUM">9</field>
                          </shadow>
                          <block type="read_details" id="t%HfNMMi{;3V,i6qD-f1">
                            <field name="DETAIL_INDEX">4</field>
                          </block>
                        </value>
                      </block>
                    </value>
                  </block>
                </value>
                <next>
                  <block type="math_change" id="2l3{wjA8h87/aT9|+1c5">
                    <field name="VAR" id=".ueamwI]`w[#9C_;]cNg" variabletype="">STAKE AWAL</field>
                    <value name="DELTA">
                      <shadow type="math_number" id="*~UD[M;FpV!TV40ycqO}">
                        <field name="NUM">1</field>
                      </shadow>
                      <block type="math_arithmetic" id="t+|iWw:Dyk[vr./SUV4J">
                        <field name="OP">MULTIPLY</field>
                        <value name="A">
                          <shadow type="math_number" id="ka8n8|Dugz,q5FkUjs`7">
                            <field name="NUM">1</field>
                          </shadow>
                          <block type="math_single" id="xMRq0,UpWR?tQn_ebQfq">
                            <field name="OP">ABS</field>
                            <value name="NUM">
                              <shadow type="math_number" id="l,[_k7Ai`gP6FQ~M}_{}">
                                <field name="NUM">9</field>
                              </shadow>
                              <block type="read_details" id="}H/eS@mBaF5S,OHcG^`n">
                                <field name="DETAIL_INDEX">4</field>
                              </block>
                            </value>
                          </block>
                        </value>
                        <value name="B">
                          <shadow type="math_number" id="{JXdZCp2%s=sfO@yN:n}">
                            <field name="NUM">1</field>
                          </shadow>
                          <block type="variables_get" id="vGT(]S_(F-?}TRcZ589$">
                            <field name="VAR" id="CYvLPs2?+MNI{Texxq+y" variabletype="">MARTI</field>
                          </block>
                        </value>
                      </block>
                    </value>
                    <next>
                      <block type="math_change" id="NBRJD1cAh]Snm%x1O92{">
                        <field name="VAR" id="n:A}H6=|acb7(^1uTAqc" variabletype="">LOSS-COUNTER</field>
                        <value name="DELTA">
                          <shadow type="math_number" id="qWwg^4_|`4s^]`^0mBfo">
                            <field name="NUM">1</field>
                          </shadow>
                        </value>
                        <next>
                          <block type="controls_if" id="=)Zhr[`8TY9jboIm|XTd">
                            <value name="IF0">
                              <block type="logic_compare" id=",O%pBT%SO/aO):hlx:iA">
                                <field name="OP">EQ</field>
                                <value name="A">
                                  <block type="variables_get" id="y3b7T7EQ4cvTLkbWLwA^">
                                    <field name="VAR" id="n:A}H6=|acb7(^1uTAqc" variabletype="">LOSS-COUNTER</field>
                                  </block>
                                </value>
                                <value name="B">
                                  <block type="math_number" id="OtLftXXpVTcAGf=$5]!L">
                                    <field name="NUM">4</field>
                                  </block>
                                </value>
                              </block>
                            </value>
                            <statement name="DO0">
                              <block type="variables_set" id="Oz2|ZoC*}*Jriiys=5*v">
                                <field name="VAR" id=".ueamwI]`w[#9C_;]cNg" variabletype="">STAKE AWAL</field>
                                <value name="VALUE">
                                  <block type="variables_get" id="!5`j0-Rup?a?enE/JDaZ">
                                    <field name="VAR" id="yF}91j}3xgw6}ppw?7|7" variabletype="">STAKE-INCREATMENT</field>
                                  </block>
                                </value>
                                <next>
                                  <block type="variables_set" id="qPujN=1U^~{Qm}3lA$;C">
                                    <field name="VAR" id="n:A}H6=|acb7(^1uTAqc" variabletype="">LOSS-COUNTER</field>
                                    <value name="VALUE">
                                      <block type="math_number" id="mLuD4y@3P!(M?%e/6IFX">
                                        <field name="NUM">0</field>
                                      </block>
                                    </value>
                                  </block>
                                </next>
                              </block>
                            </statement>
                          </block>
                        </next>
                      </block>
                    </next>
                  </block>
                </next>
              </block>
            </statement>
            <next>
              <block type="notify" id="Kog`8sYejbZH+QB{`reM">
                <field name="NOTIFICATION_TYPE">info</field>
                <field name="NOTIFICATION_SOUND">silent</field>
                <value name="MESSAGE">
                  <block type="text_join" id="55JmTJH?bskwXB52rqVf">
                    <mutation items="2"></mutation>
                    <value name="ADD0">
                      <block type="text" id="XU]tD=44aE|[c}sM8:4!">
                        <field name="TEXT">Total Profit: </field>
                      </block>
                    </value>
                    <value name="ADD1">
                      <block type="total_profit" id="YQ_Dw5|,IaKz?P5p[(8;"></block>
                    </value>
                  </block>
                </value>
                <next>
                  <block type="controls_if" id="bljyhb4a@w3]7L_X$N=q">
                    <mutation else="1"></mutation>
                    <value name="IF0">
                      <block type="logic_compare" id="gStcOpn{DtAda6HTkDQ#">
                        <field name="OP">LT</field>
                        <value name="A">
                          <block type="total_profit" id="^qkz9?|]4UUz$`|t![*Z"></block>
                        </value>
                        <value name="B">
                          <block type="variables_get" id="*0Xpq5!QbX~?[@}Xe;C=">
                            <field name="VAR" id="=$[%bU#P2H?yx_sl/3?S" variabletype="">TARGET PROFIT (&lt;TP&gt;)</field>
                          </block>
                        </value>
                      </block>
                    </value>
                    <statement name="DO0">
                      <block type="trade_again" id="9u%Ou=|iQCH_XQjM~X3o"></block>
                    </statement>
                    <statement name="ELSE">
                      <block type="text_print" id=";Gwl3qT.as8tn:v}{s$7">
                        <value name="TEXT">
                          <shadow type="text" id="kqlrIk.GO.^}hI,PoUV)">
                            <field name="TEXT">abc</field>
                          </shadow>
                          <block type="text_join" id="kLlp~0NJA3hldjAL_2_`">
                            <mutation items="2"></mutation>
                            <value name="ADD0">
                              <block type="text" id="f]b=[+~?`}f#|hOLQ-h}">
                                <field name="TEXT">Selesai, Alhamdullilah Total Profit :</field>
                              </block>
                            </value>
                            <value name="ADD1">
                              <block type="total_profit" id="hT;0;RzYFvIv2(2sG9wx"></block>
                            </value>
                          </block>
                        </value>
                      </block>
                    </statement>
                  </block>
                </next>
              </block>
            </next>
          </block>
        </next>
      </block>
    </statement>
  </block>
  <block type="before_purchase" id="strategy" x="-2" y="532">
    <statement name="BEFOREPURCHASE_STACK">
      <block type="controls_if" id="|3`t-5`Z!g%8XrG[eY!y">
        <value name="IF0">
          <block type="logic_compare" id="b?`CB)=Z+61-uCn+Pi/|">
            <field name="OP">LTE</field>
            <value name="A">
              <block type="variables_get" id="u)(!l_%sgpwM@U0d(ZwK">
                <field name="VAR" id=";MFj@#BM+o5.@hRRW45f" variabletype="">WAIT</field>
              </block>
            </value>
            <value name="B">
              <block type="math_number" id="(!-h?Mj_VLgkGDU#=N2K">
                <field name="NUM">0</field>
              </block>
            </value>
          </block>
        </value>
        <statement name="DO0">
          <block type="controls_if" id="?gq_Klx}]z1Qh/8v9K8g">
            <value name="IF0">
              <block type="logic_compare" id="Ydb$IGKt;bFBoXPYN[8|">
                <field name="OP">EQ</field>
                <value name="A">
                  <block type="read_ohlc" id="E;x~|)!N%J,Pwo:V=)C1">
                    <field name="OHLCFIELD_LIST">low</field>
                    <field name="CANDLEINTERVAL_LIST">60</field>
                    <value name="CANDLEINDEX">
                      <shadow type="math_number" id="]MIr_wCBLD/g-V38]kZU">
                        <field name="NUM">1</field>
                      </shadow>
                    </value>
                  </block>
                </value>
                <value name="B">
                  <block type="tick" id="lTMaL9LgM2D_j=s5mV[_"></block>
                </value>
              </block>
            </value>
            <statement name="DO0">
              <block type="notify" id="5Eub@deWEHcTf{ay1,Zh">
                <field name="NOTIFICATION_TYPE">error</field>
                <field name="NOTIFICATION_SOUND">silent</field>
                <value name="MESSAGE">
                  <shadow type="text" id="P-4t@lj#1CsO.#$GlLIp">
                    <field name="TEXT">WAITING===&gt;&gt;</field>
                  </shadow>
                  <block type="text_join" id="LE+Dv!gd4u]I$Js/$]Q8">
                    <mutation items="2"></mutation>
                    <value name="ADD0">
                      <block type="text" id="h#gdLk}LvPrw1#mR8$aV">
                        <field name="TEXT">WAITING===&gt;&gt; [] FALL</field>
                      </block>
                    </value>
                    <value name="ADD1">
                      <block type="variables_get" id="!Rx/WKVZ5DPcWm;X;!*h">
                        <field name="VAR" id=";MFj@#BM+o5.@hRRW45f" variabletype="">WAIT</field>
                      </block>
                    </value>
                  </block>
                </value>
                <next>
                  <block type="purchase" id="mAU75ExR@7YlLZ1l=Tk}">
                    <field name="PURCHASE_LIST">PUT</field>
                  </block>
                </next>
              </block>
            </statement>
          </block>
        </statement>
        <next>
          <block type="controls_if" id="k~t/)0pz8DaUe;Q^2{-O">
            <value name="IF0">
              <block type="logic_compare" id="[Wry3LvVQa19U7[0_~C!">
                <field name="OP">LTE</field>
                <value name="A">
                  <block type="variables_get" id="-xK!~ib}kA5sfE+BEn;Q">
                    <field name="VAR" id=";MFj@#BM+o5.@hRRW45f" variabletype="">WAIT</field>
                  </block>
                </value>
                <value name="B">
                  <block type="math_number" id="{d])JBCNFy}[qFf5jI{d">
                    <field name="NUM">0</field>
                  </block>
                </value>
              </block>
            </value>
            <statement name="DO0">
              <block type="controls_if" id="58GK9VzpxUS8nkJXmbX5">
                <value name="IF0">
                  <block type="logic_compare" id="?$1Z/295/s4OVal}Pnxe">
                    <field name="OP">EQ</field>
                    <value name="A">
                      <block type="read_ohlc" id="0O;ZEm(p2BC:fKfd@go)">
                        <field name="OHLCFIELD_LIST">high</field>
                        <field name="CANDLEINTERVAL_LIST">60</field>
                        <value name="CANDLEINDEX">
                          <shadow type="math_number" id="572+k-V(hDfq3{j99P%D">
                            <field name="NUM">1</field>
                          </shadow>
                        </value>
                      </block>
                    </value>
                    <value name="B">
                      <block type="tick" id="N|kYwm*!bAek*JhYWvcL"></block>
                    </value>
                  </block>
                </value>
                <statement name="DO0">
                  <block type="notify" id="2=Ah@x!^*yvuZowt|fO-">
                    <field name="NOTIFICATION_TYPE">success</field>
                    <field name="NOTIFICATION_SOUND">silent</field>
                    <value name="MESSAGE">
                      <shadow type="text" id="P-4t@lj#1CsO.#$GlLIp">
                        <field name="TEXT">WAITING===&gt;&gt;</field>
                      </shadow>
                      <block type="text_join" id="R|;VuVptqi-A,.e[+m~A">
                        <mutation items="2"></mutation>
                        <value name="ADD0">
                          <block type="text" id="L~WwG6hC=#QI+o8Jw;P3">
                            <field name="TEXT">WAITING===&gt;&gt; []  RISE</field>
                          </block>
                        </value>
                        <value name="ADD1">
                          <block type="variables_get" id="Z-}r_AW.jM(aY2@4jM0l">
                            <field name="VAR" id=";MFj@#BM+o5.@hRRW45f" variabletype="">WAIT</field>
                          </block>
                        </value>
                      </block>
                    </value>
                    <next>
                      <block type="purchase" id="Y|f{/V!1(I}.#L=_CV7]">
                        <field name="PURCHASE_LIST">CALL</field>
                      </block>
                    </next>
                  </block>
                </statement>
              </block>
            </statement>
            <next>
              <block type="notify" id="w:~,84Qsvp5OcrsPnAGP">
                <field name="NOTIFICATION_TYPE">info</field>
                <field name="NOTIFICATION_SOUND">silent</field>
                <value name="MESSAGE">
                  <shadow type="text" id="L`B1B-%.RxA7R.__$g]@">
                    <field name="TEXT">WAITING===&gt;&gt;</field>
                  </shadow>
                  <block type="text_join" id=")!!V$fxuTgl%3x:hYj$l">
                    <mutation items="2"></mutation>
                    <value name="ADD0">
                      <block type="text" id=".,X|wc|S=QQi;ohOzdFA">
                        <field name="TEXT">WAITING===&gt;&gt; </field>
                      </block>
                    </value>
                    <value name="ADD1">
                      <block type="variables_get" id="rlc.6mo{Q|Tyb*!yZbO_">
                        <field name="VAR" id=";MFj@#BM+o5.@hRRW45f" variabletype="">WAIT</field>
                      </block>
                    </value>
                  </block>
                </value>
              </block>
            </next>
          </block>
        </next>
      </block>
    </statement>
  </block>
  <block type="tick_analysis" id="?|)HuvW%MOMyELR~M#G." x="398" y="534">
    <statement name="TICKANALYSIS_STACK">
      <block type="math_change" id="1hpj]!ksls4UATcNTmWK">
        <field name="VAR" id=";MFj@#BM+o5.@hRRW45f" variabletype="">WAIT</field>
        <value name="DELTA">
          <shadow type="math_number" id="W*~v@T!wpMsg?:014xHm">
            <field name="NUM">-1</field>
          </shadow>
        </value>
      </block>
    </statement>
  </block>
</xml>