﻿<xml xmlns="http://www.w3.org/1999/xhtml" collection="false">
  <block type="trade" id="xgH69|xFn9=70w.*3Vo@" x="0" y="0">
    <field name="MARKET_LIST">volidx</field>
    <field name="SUBMARKET_LIST">random_daily</field>
    <field name="SYMBOL_LIST">RDBULL</field>
    <field name="TRADETYPECAT_LIST">digits</field>
    <field name="TRADETYPE_LIST">matchesdiffers</field>
    <field name="TYPE_LIST">DIGITMATCH</field>
    <field name="CANDLEINTERVAL_LIST">60</field>
    <field name="TIME_MACHINE_ENABLED">FALSE</field>
    <field name="RESTARTONERROR">TRUE</field>
    <statement name="INITIALIZATION">
      <block type="variables_set" id="PKsY,v5K#eWELDy.l0aw">
        <field name="VAR">digitToWatch</field>
        <value name="VALUE">
          <block type="math_number" id="9m8X2)K9~{{l;C-JQPu*">
            <field name="NUM">8</field>
          </block>
        </value>
        <next>
          <block type="variables_set" id="t_Z*Iia!Bl+(pS,~2QQx">
            <field name="VAR">ticksToWait</field>
            <value name="VALUE">
              <block type="math_number" id="*jxvLM)#~bep+MjcLW3k">
                <field name="NUM">1</field>
              </block>
            </value>
          </block>
        </next>
      </block>
    </statement>
    <statement name="SUBMARKET">
      <block type="tradeOptions" id="x=V33~4Lb|(sLv`J[:Eb">
        <field name="DURATIONTYPE_LIST">t</field>
        <field name="CURRENCY_LIST">USD</field>
        <value name="DURATION">
          <shadow type="math_number" id="O*@58sDc=!cOO}*b2vf9">
            <field name="NUM">5</field>
          </shadow>
        </value>
        <value name="AMOUNT">
          <shadow type="math_number" id="ml)25~7^q}3I9}vjf:%K">
            <field name="NUM">1</field>
          </shadow>
        </value>
        <value name="PREDICTION">
          <block type="math_number" id="?VDyDc*o9JD@t$7J;2Lr">
            <field name="NUM">7</field>
          </block>
        </value>
      </block>
    </statement>
  </block>
  <block type="before_purchase" id="i-CIx.(Onm4?ihxzA}Y]" x="0" y="358">
    <statement name="BEFOREPURCHASE_STACK">
      <block type="notify" id="x7sE)H_2Uj#%@AA9]s(m">
        <field name="NOTIFICATION_TYPE">info</field>
        <field name="NOTIFICATION_SOUND">silent</field>
        <value name="MESSAGE">
          <shadow type="text" id="nV(0mr2+[_A][X(emnLo">
            <field name="TEXT">abc</field>
          </shadow>
          <block type="text_join" id="JeA8?uv^oQ*:1oB8(5,q" collapsed="true">
            <mutation items="6"></mutation>
            <value name="ADD0">
              <block type="tick" id="J5{26PCRcy^CjIV|.uCz"></block>
            </value>
            <value name="ADD1">
              <block type="text" id="43H*}Za!%51YbXzY9#yW">
                <field name="TEXT"> | Waiting for this </field>
              </block>
            </value>
            <value name="ADD2">
              <block type="text_getSubstring" id="t8qcF(HZ~tb(PiXyp}t3">
                <mutation at1="true" at2="true"></mutation>
                <field name="WHERE1">FROM_START</field>
                <field name="WHERE2">FROM_START</field>
                <value name="STRING">
                  <block type="text_join" id="?Yf)Ioc},.|5a~_;0-n]">
                    <mutation items="1"></mutation>
                    <value name="ADD0">
                      <block type="tick" id="BZ*nmL-6tOfES]v_B[P?"></block>
                    </value>
                  </block>
                </value>
                <value name="AT1">
                  <block type="math_number" id="uQivQ{(rY]__!P{nyrCJ">
                    <field name="NUM">7</field>
                  </block>
                </value>
                <value name="AT2">
                  <block type="math_number" id="6!.Dk_b2J-Vua-S1]CM;">
                    <field name="NUM">7</field>
                  </block>
                </value>
              </block>
            </value>
            <value name="ADD3">
              <block type="text" id=")|F==_IUd1I$^$0uUs82">
                <field name="TEXT"> to be equal to </field>
              </block>
            </value>
            <value name="ADD4">
              <block type="variables_get" id="{2xT,u2joOPryFVH$tH`">
                <field name="VAR">digitToWatch</field>
              </block>
            </value>
            <value name="ADD5">
              <block type="text" id="=[P`g}PQY%39y-$nw|aM">
                <field name="TEXT"> ...</field>
              </block>
            </value>
          </block>
        </value>
        <next>
          <block type="controls_if" id="f[zCM.@DXUxNuJx@:R-7">
            <value name="IF0">
              <block type="logic_compare" id="GeDtH2Tl.?d`i!c/N:h[" inline="false" collapsed="true">
                <field name="OP">EQ</field>
                <value name="A">
                  <block type="text_getSubstring" id="slb,7-e{/mTuI$whKGDI">
                    <mutation at1="true" at2="true"></mutation>
                    <field name="WHERE1">FROM_START</field>
                    <field name="WHERE2">FROM_START</field>
                    <value name="STRING">
                      <block type="text_join" id="cY}6l{pK+~INZ`JQ9A)S">
                        <mutation items="1"></mutation>
                        <value name="ADD0">
                          <block type="tick" id="iq#_X{lN4:D](SJA-%s%"></block>
                        </value>
                      </block>
                    </value>
                    <value name="AT1">
                      <block type="math_number" id="TeO3~[f6SqQAGcnWJp/U">
                        <field name="NUM">7</field>
                      </block>
                    </value>
                    <value name="AT2">
                      <block type="math_number" id="_qGK@I3+IU~rqB_7l7E8">
                        <field name="NUM">7</field>
                      </block>
                    </value>
                  </block>
                </value>
                <value name="B">
                  <block type="text_join" id="n$Axa|u8?YW`dJnMm.k2">
                    <mutation items="1"></mutation>
                    <value name="ADD0">
                      <block type="variables_get" id="/d$,wVVL^BA*a7DuG=z/">
                        <field name="VAR">digitToWatch</field>
                      </block>
                    </value>
                  </block>
                </value>
              </block>
            </value>
            <statement name="DO0">
              <block type="notify" id=":Qus|@?)Jk`ZC5IqJ*7=">
                <field name="NOTIFICATION_TYPE">success</field>
                <field name="NOTIFICATION_SOUND">silent</field>
                <value name="MESSAGE">
                  <shadow type="text" id="5Otl63jeKypZwp6/@s.e">
                    <field name="TEXT">abc</field>
                  </shadow>
                  <block type="text" id="~N/[W($gFGK/jHT/]=n@">
                    <field name="TEXT">I find it, not let's enter the trade...</field>
                  </block>
                </value>
                <next>
                  <block type="timeout" id="LCr^owwN[oEjJ[=d}Oa_">
                    <statement name="TIMEOUTSTACK">
                      <block type="purchase" id="W6q#Z-I3q3d[d3-`S[dS">
                        <field name="PURCHASE_LIST">DIGITMATCH</field>
                      </block>
                    </statement>
                    <value name="SECONDS">
                      <shadow type="math_number" id=")nTP=]Rbzum0f~pew~?I">
                        <field name="NUM">1</field>
                      </shadow>
                      <block type="math_arithmetic" id="4y?7C|[)j?$lBPhlVATb">
                        <field name="OP">MULTIPLY</field>
                        <value name="A">
                          <shadow type="math_number" id="Re{qZePpmm!o4d;la5N=">
                            <field name="NUM">1</field>
                          </shadow>
                          <block type="variables_get" id="Z`*bY3dIbo!3_t)*{WpO">
                            <field name="VAR">ticksToWait</field>
                          </block>
                        </value>
                        <value name="B">
                          <shadow type="math_number" id="A_M/U%.SsMAc#wn{j!!V">
                            <field name="NUM">2</field>
                          </shadow>
                        </value>
                      </block>
                    </value>
                  </block>
                </next>
              </block>
            </statement>
          </block>
        </next>
      </block>
    </statement>
  </block>
  <block type="after_purchase" id="D^Jz1^n=2vtZku1vBN@;" x="0" y="598">
    <statement name="AFTERPURCHASE_STACK">
      <block type="controls_if" id="DX(sc/fQw[8$~(RU@-Jb">
        <mutation else="1"></mutation>
        <value name="IF0">
          <block type="contract_check_result" id="Y^K1S:,hbhV}Re({.lCj">
            <field name="CHECK_RESULT">loss</field>
          </block>
        </value>
        <statement name="DO0">
          <block type="notify" id="f;kUn?xOI-$_/Dj?lqnq" collapsed="true">
            <field name="NOTIFICATION_TYPE">error</field>
            <field name="NOTIFICATION_SOUND">silent</field>
            <value name="MESSAGE">
              <shadow type="text" id="h|TdeO6K4jkG_m{Vu6Q+">
                <field name="TEXT">abc</field>
              </shadow>
              <block type="text_join" id="![bQ:co/YvqWLl`Uro_{">
                <mutation items="5"></mutation>
                <value name="ADD0">
                  <block type="text" id="NlY`t(cf{)m|ZQ48eRvJ">
                    <field name="TEXT">I find on last digit: </field>
                  </block>
                </value>
                <value name="ADD1">
                  <block type="last_digit" id="6Mt@c-:}*Th__L+7l]T8"></block>
                </value>
                <value name="ADD2">
                  <block type="text" id="FJDK`gW=`aD3gj?-.o!0">
                    <field name="TEXT"> and you are expecting: </field>
                  </block>
                </value>
                <value name="ADD3">
                  <block type="variables_get" id="KpDg2E~g9{txsY1ops[s">
                    <field name="VAR">digitToWatch</field>
                  </block>
                </value>
                <value name="ADD4">
                  <block type="text" id=";?BzkY.UY_Hetb3.i;ZB">
                    <field name="TEXT">, i'm sorry :(</field>
                  </block>
                </value>
              </block>
            </value>
          </block>
        </statement>
        <statement name="ELSE">
          <block type="notify" id="z]B|?UTJOn*Vc`DWe7Xn" collapsed="true">
            <field name="NOTIFICATION_TYPE">success</field>
            <field name="NOTIFICATION_SOUND">silent</field>
            <value name="MESSAGE">
              <shadow type="text" id="h|TdeO6K4jkG_m{Vu6Q+">
                <field name="TEXT">abc</field>
              </shadow>
              <block type="text_join" id="c`TpMqaIP5D4PjV,KM4s">
                <mutation items="5"></mutation>
                <value name="ADD0">
                  <block type="text" id="zjk~;6I)^n[P73Zf%@}:">
                    <field name="TEXT">We get this bastard: </field>
                  </block>
                </value>
                <value name="ADD1">
                  <block type="last_digit" id="_W0v:os#k_2)_0+OP*Cv"></block>
                </value>
                <value name="ADD2">
                  <block type="text" id="eAf;lVLJYKMU3|hXJj2.">
                    <field name="TEXT">, as you are expecting: </field>
                  </block>
                </value>
                <value name="ADD3">
                  <block type="variables_get" id="~EYy6AtnsUt*nyE31;P4">
                    <field name="VAR">digitToWatch</field>
                  </block>
                </value>
                <value name="ADD4">
                  <block type="text" id="047`f-6{7nVdw6l^x-Dw">
                    <field name="TEXT">, you won!</field>
                  </block>
                </value>
              </block>
            </value>
          </block>
        </statement>
        <next>
          <block type="trade_again" id="c)S|KjoQdXc8l#J@5z3P"></block>
        </next>
      </block>
    </statement>
  </block>
</xml>